model,domain,run,entropy,perplexity,repeat_rate,switch_rate,load_cv,load_entropy,gini,settling_time,oscillation,latency_ms,text,phase
Nomadic_Full,math,0,0.10315872475450436,1.0720365415259603,0.06666666666666665,0.25,0.7866066360292879,1.290599259914447,0.22000000001949993,3.3,0.0,293.91305036737396,24를 6으로 나누면 4가 나온다. 4는 24의 약수이다. 4는 24을 나눌 수 있다. 4는 24의 인수이다. ,stable
MoD,math,0,0.2392806167325207,1.5071059329533194,0.0625,0.375,0.7150174822501282,0.8292995824303129,0.050000000023749935,2.6,0.10526315789473684,334.7522391428653,24를 6으로 나누면 4가 나온다. 하지만 24를 6으로 나누는 과정은 덧셈과 뺄셈으로 이루어져 있다. 24에서 6을 4번,stable
ECR,math,0,0.5792624077526852,1.507821342232404,0.0,0.5,1.566445019429604,1.4655446719988499,0.46111111112458336,1.95,0.10526315789473684,363.6944967959663,24를 6으로 나누면 4이므로 4이다. 4 × 6은 24이다. 따라서 24이다. 이 같은 논리적 순서를 따라 문제를 해결할 수 있다 4,stable
Sigma_MoE,math,0,0.08929845262094246,1.0713867356985685,0.05555555555555558,0.725,0.7288689867281104,1.6848394932348982,0.24285714287607152,1.3103448275862069,0.02631578947368421,1211.3800716734306,24를 6으로 나누면 4이 된다. 4는 2 × 2이다. 2는 1 + 1이다. 1은 0 + 1이다. 0은 아무것도,stable
BiLevel_MoE,math,0,0.046132791408342366,1.0466813587719441,0.10526315789473684,0.5,0.19999999999,0.6730116668092565,-0.39999999996500013,1.95,0.21052631578947367,366.7251442244861,24를 6으로 나누면 4가 된다. 4 × 6 = 24이다. 따라서 24는 6의 배수이다. 6 × 4 = 24이다. 따라서,stable
RoutingFree_MoE,math,0,0.7734452247619629,1.4353960976829927,0.0,0.9,0.5656854247795323,2.341151150907469,0.20833333335312498,1.0555555555555556,0.0,482.6717202040712,24를 6으로 나누면 4가 나온다. 이처럼 나눗셈은 두 수를 비교하는 연산이다. 4는 6의 2분의 1이다. 이를 식으로 표현하면 6 ×,stable
Nomadic_Full,math,1,0.07261187645625285,1.344270744636586,0.0,0.05,0.79999999996,0.32508297319144824,-0.09999999997250009,15.5,0.0,241.39907955098778,"24를 6으로 나누면 4이다.

24를 4로 나누면 6이다.

24를 3으로 나누면 8이다.

24를 2로 나누면 ",stable
MoD,math,1,0.3285859527436855,1.51091375046037,0.0,0.5,0.7778174592468658,0.818808455922877,0.033333333357499884,1.95,0.2631578947368421,366.1028074693233,24를 6으로 나누면 4가 나옵니다. 24 ÷ 6 = 4. 이와 같은 계산은 나눗셈 연산을 통해 이루어집니다. 나눗셈은 주어진 수나,stable
ECR,math,1,0.5311527252197266,1.3128691397701637,0.1578947368421053,0.75,0.8624094153389749,1.8327630392251022,0.34444444446083333,1.3,0.15789473684210525,443.34068189798893,24를 6으로 나누면 4이 된다. 4 × 6 = 24임을 확인한다. 4 × 6 = 24이다. 4가 나누어진 결과임을 확인한다. ,stable
Sigma_MoE,math,1,0.08969205802790675,1.104278280270367,0.25,0.55,1.1537980757772077,1.0572956326753067,0.35000000001625,1.7727272727272727,0.2631578947368421,1210.5548504489946,24를 6으로 나누면 4가 된다. 4 × 6 = 24이다. 24 ÷ 6 = 4이다. 4 × 6 = 24이다. 2,stable
BiLevel_MoE,math,1,0.08948917271204312,1.0345765597101486,0.05555555555555558,0.525,0.099999999995,0.6881388135135884,-0.44999999996375006,1.8571428571428572,0.23684210526315788,381.0628905714334,"24를 6으로 나누면 4가 된다. 4 × 6 = 24이다. 따라서 24 ÷ 6 = 4이다.

나눗셈은 곱셈의 역연산이다",stable
RoutingFree_MoE,math,1,0.3047891706228256,1.1568465388646108,0.0,0.875,0.8062257746282986,2.0540130291739844,0.2600000000184999,1.0857142857142856,0.02631578947368421,478.6778814693894,24를 6으로 나누면 4가 된다. 4는 24의 1/6에 해당한다. 24를 3으로 나누면 8이 된다. 8은 24,stable
Nomadic_Full,math,2,0.1292001815282096,1.0754849865891343,0.0,0.2,0.8514693182111732,0.9549462885286057,0.18750000002031242,4.25,0.0,289.27489102040585,"24를 6으로 나누면 4가 된다. 4는 24의 약수이다. 약수는 어떤 수를 나누어떨어지게 하는 수를 말한다. 24의 약수는 1,",stable
MoD,math,2,0.10983687227992647,1.0561578052532163,0.0,0.125,1.2554879528548102,0.3141230255900314,0.26666666668499994,7.8,0.05263157894736842,263.5674188571343,24를 6으로 나누면 4가 나옵니다. 4는 24의 약수입니다. 약수는 어떤 수를 나누었을 때 나머지가 0인 수를 말합니다. 24의 약,stable
ECR,math,2,0.2539400402456522,1.0915640835287885,0.375,0.575,0.7026734660399256,1.4037138698170109,0.13000000002174983,1.6956521739130435,0.05263157894736842,392.75608302044446,"24를 6으로 나누면 4가 된다. 4는 6보다 작다. 따라서 4는 6보다 작다.

 24를 6으로 나누면 4가 된다. ",stable
Sigma_MoE,math,2,0.22505836436702253,1.7850609376554836,0.0,0.8,0.7582875442345404,1.9320272579852231,0.28888888890666664,1.21875,0.21052631578947367,1212.7155427346856,24를 6으로 나누면 4가 나옵니다. 4개의 조각으로 나누면 6개의 조각이 남습니다. 6개의 조각을 모으면 24개의 조각이 됩니다,stable
BiLevel_MoE,math,2,0.09108404647699693,1.1204200361266228,0.23809523809523814,0.55,0.0499999999975,0.6918966590050799,-0.47499999996312514,1.7727272727272727,0.23684210526315788,387.5866981429031,"24를 6으로 나누면 4가 된다. 4 × 6 = 24이다. 따라서 24 ÷ 6 = 4이다.

24 ÷ 6 = 4이다. 이를",stable
RoutingFree_MoE,math,2,0.3271575492224656,1.1816059587217649,0.05555555555555558,0.875,0.6224949797438128,2.1188428832526514,0.2250000000193748,1.0857142857142856,0.0,470.54129661224505,24를 6으로 나누면 4가 나온다. 4 × 6 = 24이다. 나눗셈은 곱셈의 반대 연산이다. 24 ÷ 6 = 4이다,stable
Nomadic_Full,math,0,0.20132292191477602,1.2430741354744483,0.09090909090909094,0.2,1.0216408369574224,1.173474059854709,0.28000000001799985,4.75,0.0,290.42388793997816,"The square root of 144 is 12. This is the positive number that, when multiplied by itself, equals 144. The square root is the inverse operation of squaring a number. In this case, 1",stable
MoD,math,0,0.0892742095725911,1.155231509252155,0.09375,0.475,0.8923284148118127,0.7150512198325316,0.11666666668874992,2.0526315789473686,0.23684210526315788,362.1400189200358,"The square root of 144 is 12. This means that 12 multiplied by 12 equals 144. The square root function is used to find the value that, when multiplied by itself, gives the",stable
ECR,math,0,0.354469233751297,1.191027030274747,0.0,0.675,1.2489995994298797,1.5233538521003975,0.41250000001468745,1.4444444444444444,0.13157894736842105,411.9839551399491,"The square root of 144 is 12. This is because 12 multiplied by 12 equals 144.

 12 × 12 = 144.

 14 ×",stable
Sigma_MoE,math,0,0.0866649692760113,1.0323946723666644,0.09375,0.775,0.5099019512827931,1.6355641938013807,0.11666666668874992,1.2580645161290323,0.15789473684210525,1197.1212125199963,"The square root of 144 is 12. This means that 12 multiplied by 12 equals 144. The square root operation is used to find a number that, when multiplied by itself, gives the",stable
BiLevel_MoE,math,0,0.12686966074389613,1.0850168202238748,0.11538461538461542,0.5,0.1499999999925,0.6818546085307834,-0.4249999999643752,1.95,0.18421052631578946,367.83747223998944,The square root of 144 is 12. This means 12 multiplied by 12 equals 144. 12 is the positive square root of 14 4. 14 is the,stable
RoutingFree_MoE,math,0,0.43397047072649003,1.3629580371053267,0.11538461538461542,0.8,0.4031128873141493,2.209733756742529,0.12500000002187495,1.21875,0.0,445.1042624600086,"The square root of 144 is 12. 12 × 12 equals 144.

To find the square root of 144, you can check the multiplication table. 12 ×",stable
Nomadic_Full,math,1,0.1899891911395369,1.255173122024518,0.07407407407407407,0.3,0.7786205750225442,1.278245295177146,0.23000000001924992,3.1666666666666665,0.05263157894736842,315.34456624001905,"The square root of 144 is 12. This is because 12 × 12 = 144.

To find the square root of 144, you can follow these steps:

1",stable
MoD,math,1,0.04937795902958906,1.0134624373562613,0.09375,0.475,0.8923284148118127,0.7150512198325316,0.11666666668874992,2.0526315789473686,0.23684210526315788,357.8161299799831,"The square root of 144 is 12. This means that 12 multiplied by 12 equals 144. The square root is a mathematical operation that finds a number that, when multiplied by itself, gives",stable
ECR,math,1,0.43312020944431423,1.5170011996291817,0.08823529411764708,0.75,0.5820223362392869,1.7575316102725327,0.18571428573464288,1.3,0.07894736842105263,435.92458552004246,"The square root of 144 is 12. This is determined by finding the positive number that, when multiplied by itself, equals 144. The square root is the inverse operation of squaring a number.

The square",stable
Sigma_MoE,math,1,0.12687844575044852,1.0589482591481605,0.2142857142857143,0.375,1.2015614839195965,1.043715008970703,0.3400000000165,2.466666666666667,0.05263157894736842,1205.9367458800261,"The square root of 144 is 12. This means that 12 multiplied by 12 equals 144. The square root operation undoes the squaring operation.

The square root of 144",stable
BiLevel_MoE,math,1,0.16293846419215613,1.115268496584001,0.10344827586206895,0.5,0.0499999999975,0.6918966590050799,-0.47499999996312514,1.95,0.21052631578947367,376.4033916799963,"The square root of 144 is 12. This can be verified by squaring 12 to get 144. 12 is the positive solution for the square root of 144.

The square",stable
RoutingFree_MoE,math,1,0.6480409145355225,2.0717581773300897,0.09375,0.875,0.18708286929660342,2.179662649568876,-0.011111111085833514,1.1142857142857143,0.0,473.0881543600117,The square root of 144 is 12. This means 12 multiplied by 12 equals 144. The square root is a fundamental mathematical operation involved in equations and calculations. It is a reversible operation.,stable
Nomadic_Full,math,2,0.15798815915925646,1.1408953890416942,0.4,0.375,0.989949493512674,1.3453497411452633,0.3333333333499999,2.533333333333333,0.05263157894736842,326.0430012999859,"The square root of 144 is 12. This is because 12 × 12 = 144.

The square root of 144 is 12. This is because 12",stable
MoD,math,2,0.04937795902958906,1.0134624373562613,0.09375,0.475,0.8923284148118127,0.7150512198325316,0.11666666668874992,2.0526315789473686,0.23684210526315788,358.30193747999147,"The square root of 144 is 12. This means that 12 multiplied by 12 equals 144. The square root is a mathematical operation that finds a number that, when multiplied by itself, gives",stable
ECR,math,2,0.4524628482758999,1.4124303767577058,0.04166666666666663,0.575,1.611288304150226,1.0727606355869226,0.5071428571551786,1.608695652173913,0.2894736842105263,394.59638434003864,The square root of 144 is 12. This is the positive solution. The negative solution is -12. 12^2 = 144. 144 is 12 squared. The,stable
Sigma_MoE,math,2,0.16310275607900077,1.2231197516556729,0.09375,0.3,1.3379088158921744,0.6030809764498275,0.37500000001562495,3.1666666666666665,0.13157894736842105,1206.30644785997,"The square root of 144 is 12. This means that 12 multiplied by 12 equals 144. The square root is a mathematical operation that finds the number that, when multiplied by itself, gives",stable
BiLevel_MoE,math,2,0.1516822696158659,1.1189161853408827,0.10344827586206895,0.475,0.0499999999975,0.6918966590050799,-0.47499999996312514,2.0526315789473686,0.15789473684210525,366.33265461998235,"The square root of 144 is 12. This means 12 multiplied by 12 equals 144. 12 is the only real number that satisfies this condition.

The square root of 1",stable
RoutingFree_MoE,math,2,0.21562284231185913,1.0551310302204395,0.125,0.825,0.5361902646041329,2.165456267572516,0.18500000002037487,1.1818181818181819,0.02631578947368421,462.9664451999997,"The square root of 144 is 12. This means that 12 multiplied by 12 equals 144. The square root of a number is a value that, when multiplied by itself, gives the original",stable
Nomadic_Full,math,0,0.1987385051571957,1.1856879849485975,0.19999999999999996,0.15,1.0222524149108183,0.9004993212043702,0.26250000001843743,5.5,0.0,248.16807053705108,"If x + 5 = 12, then x = 7.

The statement ""If x + 5 = 12, then x = 7"" is true. To prove this, we can use algebraic manipulation. Starting with the equation",stable
MoD,math,0,0.19770957396458008,1.1571297755998502,0.25,0.25,1.0541584320363386,0.5354967952198819,0.20000000001999996,3.9,0.05263157894736842,276.32527662960155,"If x + 5 = 12, then x = 7.

If x + 5 = 12, then x = 7. This is a mathematical equation. To solve for x, you subtract 5 from both sides of the",stable
ECR,math,0,0.48989810347557067,1.2016704404520893,0.08571428571428574,0.025,0.9499999999525,0.11690684893753106,-0.024999999974375076,39.0,0.0,224.7009643703711,"If x + 5 = 12, then x = 7. Therefore, 7 is the value of x. This conclusion holds true regardless of the initial conditions. 

 1. Start with the given equation: x + 5 = ",stable
Sigma_MoE,math,0,0.1294698257201363,1.1251674003778314,0.10810810810810811,0.775,0.881759604229024,1.840858910210245,0.34444444446083333,1.2580645161290323,0.05263157894736842,1120.442586037084,"If x + 5 = 12, then x = 7. This solution satisfies the original equation.

To solve the equation x + 5 = 12, we need to isolate x. First, we subtract 5 from both sides of",stable
BiLevel_MoE,math,0,0.18791657680954627,1.1885264791532921,0.02941176470588236,0.55,0.19999999999,0.6730116668092565,-0.39999999996500013,1.7727272727272727,0.2894736842105263,354.56419485187024,"If x + 5 = 12, then x = 7. This is a mathematical equation. 7 is the value of x that satisfies the equation. 5 + 7 = 12. 12 - 5 = 7",stable
RoutingFree_MoE,math,0,0.576652813423425,1.378028518184358,0.07499999999999996,0.975,0.6763874627374276,2.201238804802759,0.2500000000187499,1.0,0.21052631578947367,453.75038399996066,"If x + 5 = 12, then x = 7. This is a necessary and sufficient condition for x to be equal to 7. In other words, <strong> 7 is the only value that satisfies the equation x + 5 =",stable
Nomadic_Full,math,1,0.14061734208317275,1.1321041745926343,0.32352941176470584,0.175,0.9171968163234172,0.6436058876666704,0.1500000000212499,5.0,0.0,256.3221538888751,"If x + 5 = 12, then x = 7.

If x + 5 = 12, then x = 7.

To solve for x, subtract 5 from both sides of the equation: x + 5",stable
MoD,math,1,0.1944806151317106,1.1218692255098672,0.25,0.2,1.1527141882533967,0.43932046389871027,0.23333333335249995,4.875,0.05263157894736842,256.78175127776973,"If x + 5 = 12, then x = 7.

If x + 5 = 12, then x = 7. This is a mathematical statement. To solve for x, we subtract 5 from both sides of the",stable
ECR,math,1,0.36261401176452634,1.3167238148561942,0.07894736842105265,0.65,1.1874342084663048,1.5686339164739391,0.39375000001515614,1.5,0.07894736842105263,372.77999998150335,"If x + 5 = 12, then x = 7. This solution is found by subtracting 5 from both sides of the equation. Therefore, x equals 7.

To solve for x in the equation x + 5 = 1",stable
Sigma_MoE,math,1,0.1303026858049035,1.085113861728841,0.1282051282051282,0.6,0.4743416489778227,1.257600518330866,0.012500000024687319,1.5833333333333333,0.2631578947368421,1118.2105589258654,"If x + 5 = 12, then x = 7. This is the solution to the equation.

To solve the equation x + 5 = 12, we need to isolate x on one side of the equation. We do this",stable
BiLevel_MoE,math,1,0.18214768573601176,1.089521349776476,0.10526315789473684,0.35,0.299999999985,0.6474466388346325,-0.3499999999662502,2.7857142857142856,0.10526315789473684,310.5023990555545,"If x + 5 = 12, then x = 7. This is the solution to the equation.

To solve the equation x + 5 = 12, we need to isolate x. We do this by subtracting 5 from both",stable
RoutingFree_MoE,math,1,0.26189708691090346,1.1425613638422047,0.11428571428571432,0.95,0.6614378276007882,2.1166647198932744,0.2250000000193748,1.0263157894736843,0.07894736842105263,458.84714937036966,"If x + 5 = 12, then x = 7.

To solve for x, subtract 5 from both sides of the equation: x + 5 - 5 = 12 - 5. Simplifying yields x = 7",stable
Nomadic_Full,math,2,0.14855012249927668,1.0708239801030572,0.25,0.225,0.8689073597622475,1.005221143202395,0.2125000000196875,3.888888888888889,0.0,267.17995825924004,"If x + 5 = 12, then x = 7.

If x + 5 = 12, then x = 7. This statement is true. To solve for x, we subtract 5 from both sides of the equation",stable
MoD,math,2,0.12567912681939894,1.0864928535325262,0.25,0.3,0.9974968670881876,0.6128694521619495,0.16666666668749996,3.25,0.05263157894736842,290.99168155557385,"If x + 5 = 12, then x = 7.

If x + 5 = 12, then x = 7. To solve for x, we subtract 5 from both sides of the equation. This gives us x",stable
ECR,math,2,0.43783302381634714,1.1810967596852968,0.10810810810810811,0.725,0.7280109888552507,1.0735723741422858,0.1500000000212499,1.3448275862068966,0.3684210526315789,389.14422135180587,"If x + 5 = 12, then x = 7. This equation holds true.

To determine if x + 5 = 12, we need to solve for x. Subtracting 5 from both sides of the equation gives x",stable
Sigma_MoE,math,2,0.2070267947043381,1.2306781345492401,0.08108108108108103,0.4,1.368393218135142,1.1391921341149251,0.38333333334874997,2.25,0.05263157894736842,1127.3557975740982,"If x + 5 = 12, then x = 7. This is true.

To prove this, we can start by subtracting 5 from both sides of the equation. This gives us x = 7. Therefore, x = 7",stable
BiLevel_MoE,math,2,0.17988246322308615,1.1661773867076672,0.10810810810810811,0.375,0.2499999999875,0.6615632379579821,-0.3749999999656253,2.6,0.10526315789473684,310.95910546294664,"If x + 5 = 12, then x = 7. This is the solution to the equation.

To solve the equation x + 5 = 12, we need to isolate x. Subtracting 5 from both sides gives x",stable
RoutingFree_MoE,math,2,0.56100501017645,1.6368551381194258,0.05128205128205132,0.875,0.6855654598344346,2.2489773673248705,0.291666666684375,1.1142857142857143,0.05263157894736842,439.30866331484816,"If x + 5 = 12, then x = 7. In algebra, when solving equations, you perform operations to isolate the variable. In this case, subtracting 5 from both sides gives x = 7. This solution satisfies the orig",stable
Nomadic_Full,math,0,0.08246285582497777,1.2098940834238685,0.5238095238095238,0.2,0.9823441351211906,0.9130745091013532,0.26250000001843743,4.375,0.02631578947368421,245.63793489656308,"원의 넓이 공식은 πr²이다. 반지름이 3이면 넓이는 9π이다.

원의 넓이 공식은 πr². 반지름이 3이면 넓이는 9π이다.

원의 넓이 공식은 πr². 반지름이 3이면",stable
MoD,math,0,0.08001742794948086,1.0438024903843974,0.050000000000000044,0.4,0.8448372623724271,0.7493057470876673,0.10000000002249987,2.4375,0.10526315789473684,285.83364201723924,원의 넓이 공식은 πr²이다. 반지름이 3이면 넓이는 9π이다. 원의 둘레 공식은 2πr이다. 반지름이 3이면 둘레는 6π이다. 원의 넓이와 둘레는 서로 관련,stable
ECR,math,0,0.4432934522628784,1.3873902861289718,0.09090909090909094,0.775,1.1445523139970493,1.551563358387198,0.4062500000148437,1.2580645161290323,0.10526315789473684,386.81658893105566,"원의 넓이 공식은 πr²이다. 반지름이 3이면 넓이는 28.26이다.

 1. 원의 넓이 공식은 π × 반지름의 제곱이다. 2. 주어진 반지름이 3일 경우 넓이는 28",stable
Sigma_MoE,math,0,0.08364841275864572,1.0319902232705869,0.3529411764705882,0.25,1.4439529076749698,0.5086351818547048,0.3875000000153124,3.1,0.13157894736842105,1029.3539946724195,원의 넓이 공식은 πr²이다. 반지름이 3이면 넓이는 28π 제곱 단위이다. 1이다. 1이다. 1이다. 1이다. 1이다. 1이다. 1이다. 1이다.,stable
BiLevel_MoE,math,0,0.08509697032661337,1.0778876651958957,0.052631578947368474,0.475,0.19999999999,0.6730116668092565,-0.39999999996500013,2.0526315789473686,0.13157894736842105,309.09384120692766,"원의 넓이 공식은 πr²이다. 반지름이 3이면 넓이는 9π이다. 

원의 둘레 공식은 2πr이다. 반지름이 3이면 둘레는 6π이다. 

원의 지름 공식은 2",stable
RoutingFree_MoE,math,0,0.12119401711970568,1.028591599730203,0.05882352941176472,0.875,0.5385164805518955,2.3374126031702716,0.21666666668625,1.1142857142857143,0.05263157894736842,398.11176746555026,원의 넓이 공식은 πr²이다. 반지름이 3이면 넓이는 28.27이다. 원의 둘레 공식은 2πr이다. 반지름이 3이면 둘레는 18.85이다. 원의 지름,stable
Nomadic_Full,math,1,0.10290229596362424,1.0460198500765343,0.052631578947368474,0.125,0.8860022572670172,0.7305880610711224,0.10000000002249987,7.0,0.0,219.88041848271678,원의 넓이 공식은 πr²이다. 반지름이 3이면 넓이는 9π이다. 원의 둘레 공식은 2πr이다. 반지름이 3이면 둘레는 6π이다. 원의 지름 공식은 2r이다,stable
MoD,math,1,0.04118085990393794,1.0641087187935483,0.052631578947368474,0.425,0.8753570699349279,0.6719437038252313,0.13333333335499997,2.2941176470588234,0.13157894736842105,294.3472016379709,원의 넓이 공식은 πr²이다. 반지름이 3이면 넓이는 9π이다. 원의 둘레 공식은 2πr이다. 반지름이 3이면 둘레는 6π이다. 원의 지름 공식은 2r이다,stable
ECR,math,1,0.31627421379089354,1.2077159465792418,0.0,0.075,1.3081475450970017,0.23317260207386986,0.2833333333512499,13.0,0.02631578947368421,214.350177362074,원의 넓이 공식은 πr²이다. 반지름이 3이면 넓이는 28π이다. 1이다. 4이다. 2이다. 3이다. 5이다. 6이다. 7이다. 8이다. 9,stable
Sigma_MoE,math,1,0.07431078776037496,1.087362005237062,0.052631578947368474,0.75,0.6519202404224769,1.5589360462213202,0.20000000001999996,1.3,0.13157894736842105,1032.1953827414259,"원의 넓이 공식은 πr²이다. 반지름이 3이면 넓이는 9π이다.

원의 둘레 공식은 2πr이다. 반지름이 3이면 둘레는 6π이다.

원의 면적 공식은 πr²이다",stable
BiLevel_MoE,math,1,0.04640371135551208,1.2303743355657837,0.050000000000000044,0.4,0.099999999995,0.6881388135135884,-0.44999999996375006,2.4375,0.10526315789473684,296.4092979310753,"원의 넓이 공식은 πr²이다. 반지름이 3이면 넓이는 9π이다. 원의 둘레 공식은 2πr이다. 반지름이 3이면 둘레는 6π이다. 

원의 넓이를 구하는 공식은 π",stable
RoutingFree_MoE,math,1,0.1784098030999303,1.3804070354572386,0.05882352941176472,0.875,0.5522680506936827,2.332378724782599,0.2250000000193748,1.1142857142857143,0.05263157894736842,407.2098947931252,원의 넓이 공식은 πr²이다. 반지름이 3이면 넓이는 28.27이다. 원의 둘레 공식은 2πr이다. 반지름이 3이면 둘레는 18.85이다. 원을 그릴,stable
Nomadic_Full,math,2,0.10628002341326395,1.0645016127956866,0.052631578947368474,0.125,0.8860022572670172,0.7305880610711224,0.10000000002249987,7.0,0.0,223.77931148278958,원의 넓이 공식은 πr²이다. 반지름이 3이면 넓이는 9π이다. 원의 둘레 공식은 2πr이다. 반지름이 3이면 둘레는 6π이다. 원의 면적 공식은 πr²이다,stable
MoD,math,2,0.051898531465105854,1.1999244077325246,0.052631578947368474,0.45,0.7992183680973476,0.7795648451405359,0.08333333335624993,2.1666666666666665,0.13157894736842105,299.0524510861523,원의 넓이 공식은 πr²이다. 반지름이 3이면 넓이는 9π이다. 원의 둘레 공식은 2πr이다. 반지름이 3이면 둘레는 6π이다. 원의 넓이와 둘레의 관계는,stable
ECR,math,2,0.3026775062084198,1.227894468611296,0.16666666666666663,0.65,0.48733971716734725,1.6634571377156568,0.108333333355625,1.4615384615384615,0.21052631578947367,350.5478517931022,"원의 넓이 공식은 πr²이다. 반지름이 3이면 넓이는 9π이다.

 

 1. 원의 넓이는 πr²이다. 2. 반지름이 3이면 넓이는 9π이다. 3. 원의",stable
Sigma_MoE,math,2,0.08484237348490727,1.0446389858383835,0.1578947368421053,0.5,1.0723805293423132,1.1611303777367779,0.27000000001824986,1.7,0.13157894736842105,1024.6541884310411,원의 넓이 공식은 πr²이다. 반지름이 3이면 넓이는 9π이다. 원의 둘레 공식은 2πr이다. 반지름이 3이면 둘레는 6π이다. 원의 넓이 공식은 πr²이다,stable
BiLevel_MoE,math,2,0.07817920730512526,1.0252629644972822,0.1578947368421053,0.475,0.19999999999,0.6730116668092565,-0.39999999996500013,2.0526315789473686,0.13157894736842105,309.5227969138094,"원의 넓이 공식은 πr²이다. 반지름이 3이면 넓이는 9π이다. 

원의 둘레 공식은 2πr이다. 반지름이 3이면 둘레는 6π이다. 

원의 넓이 공식은 πr",stable
RoutingFree_MoE,math,2,0.12119401711970568,1.028591599730203,0.05882352941176472,0.875,0.5385164805518955,2.3374126031702716,0.21666666668625,1.1142857142857143,0.05263157894736842,404.3072342241242,원의 넓이 공식은 πr²이다. 반지름이 3이면 넓이는 28.27이다. 원의 둘레 공식은 2πr이다. 반지름이 3이면 둘레는 18.85이다. 원의 지름,stable
Nomadic_Full,math,0,0.1800353629685552,1.1712407629055124,0.0,0.025,0.899999999955,0.1985152431458726,-0.04999999997375015,2.0,0.0,191.57187231149825,"등차수열 2, 5, 8, 11의 다음 항은 14이다. 이 수열의 n번째 항은 a_n = 2 + (n-1)3이다.

등비수열 2, 6, ",stable
MoD,math,0,0.17720375827759885,1.1340485971740484,0.0,0.425,0.39999999998,0.6108643018548935,-0.29999999996750004,2.2941176470588234,0.15789473684210525,276.64539203277724,"등차수열 2, 5, 8, 11의 다음 항은 14이다. 이 수열의 n번째 항은 a + (n - 1) · d이다. 여기서 a는 첫 항이다. d는 공차이다.

등",stable
ECR,math,0,0.06160531267523765,1.0060247192312155,0.18181818181818177,0.3,1.569235482451367,0.6656312792921011,0.47000000001324993,2.8333333333333335,0.13157894736842105,257.4293526229697,"등차수열 2, 5, 8, 11의 다음 항은 14이다. 14 + 3 = 17이다. 17 + 3 = 20이다. 20 + 3 = 23이다",stable
Sigma_MoE,math,0,0.029109038367110717,1.0085319423342038,0.18181818181818177,0.7,0.9394147112618846,1.3729652107744394,0.3250000000168749,1.3928571428571428,0.21052631578947367,980.5796933606706,"등차수열 2, 5, 8, 11의 다음 항은 14이다. 14 + 3 = 17이다. 17 + 3 = 20이다. 20 + 3 = 23이다",stable
BiLevel_MoE,math,0,0.09505524538405999,1.1763110840977278,0.1578947368421053,0.45,0.2499999999875,0.6615632379579821,-0.3749999999656253,2.1666666666666665,0.15789473684210525,295.1076902786926,"등차수열 2, 5, 8, 11의 다음 항은 14이다. 이 수열은 3씩 증가하는 규칙을 따르기 때문이다.

등차수열 2, 5, 8, 11이다.",stable
RoutingFree_MoE,math,0,0.28297346041654237,1.1175854961274372,0.15000000000000002,0.975,0.7382411527901978,2.2323153477840334,0.30833333335062485,1.0,0.13157894736842105,396.84642927863564,"등차수열 2, 5, 8, 11의 다음 항은 14이다. 이 수열의 공차는 3이다.

수열 2, 5, 8, 1 1이다. 이 수열의 규칙은",stable
Nomadic_Full,math,1,0.1949756000380006,1.1898887729800354,0.10526315789473684,0.0,0.0,-1.000000082690371e-10,-0.9999999999500002,40.0,0.0,185.26988095081683,"등차수열 2, 5, 8, 11의 다음 항은 14이다. 3항씩 연속한 수의 합은 15이다. 4항씩 연속한 수의 합은 26이다. 5항씩 연속",stable
MoD,math,1,0.06495462000088406,1.0555540235661225,0.08695652173913049,0.425,0.5499999999725,0.5331638405372986,-0.22499999996937525,2.2941176470588234,0.21052631578947367,280.7704894753964,"등차수열 2, 5, 8, 11의 다음 항은 14이다. 14 - 11 = 3이다. 11 - 8 = 3이다. 8 - 5 = 3이다. 5",stable
ECR,math,1,0.1465430874377489,1.0417095413179303,0.052631578947368474,0.525,1.1926860440087532,1.2427887778107036,0.37500000001562495,1.8095238095238095,0.13157894736842105,308.1515460000416,"등차수열 2, 5, 8, 11의 다음 항은 14이다. 이 수열은 공차가 3이다.

등비수열 2, 4, 8, 16의 다음 항은 32이다",stable
Sigma_MoE,math,1,0.1368364181110228,1.0792575380839444,0.0,0.55,0.8514693181898864,1.2800272382859885,0.22000000001949993,1.7272727272727273,0.23684210526315788,983.8773508852712,"등차수열 2, 5, 8, 11의 다음 항은 14이다. 이 수열은 3씩 증가하는 규칙을 따르기 때문이다.

 1. 2 + 3 = 5 2. 5 + ",stable
BiLevel_MoE,math,1,0.09505661652372047,1.1190237923585558,0.25,0.45,0.2499999999875,0.6615632379579821,-0.3749999999656253,2.1666666666666665,0.15789473684210525,292.2306391147522,"등차수열 2, 5, 8, 11의 다음 항은 14이다. 이 수열은 3씩 증가하는 규칙을 따르기 때문이다.

등차수열 2, 5, 8, 11의 다음",stable
RoutingFree_MoE,math,1,0.47439502645574977,1.9528780721449768,0.0,0.95,0.5315072905171433,2.0490805386633286,0.18888888890916666,1.0263157894736843,0.02631578947368421,399.531260672105,"등차수열 2, 5, 8, 11의 다음 항은 14이다. 수학에서 4 + 9 = 13이다. 컴퓨터 과학에서 5 × 2 = 10이다. 철학에서 '존재는 본",stable
Nomadic_Full,math,2,0.22611745817249976,1.2218401573746454,0.05555555555555558,0.075,1.1527141882533967,0.43932046389871027,0.23333333335249995,7.0,0.0,201.33354545897257,"등차수열 2, 5, 8, 11의 다음 항은 14이다. 2씩 증가한다. 등비수열 2, 4, 8, 16의 다음 항은 32이다. 2배씩",stable
MoD,math,2,0.16512061125784877,1.1481976777089509,0.05555555555555558,0.275,1.0068515282045993,0.5757564554894752,0.1833333333537499,3.5454545454545454,0.10526315789473684,242.77751601641555,"등차수열 2, 5, 8, 11의 다음 항은 14이다. 등차수열 1, 2, 3, 4의 다음 항은 5이다. 등차수열 10, 20,",stable
ECR,math,2,0.45634658336639405,1.7351023423781076,0.11111111111111116,0.225,1.1884864322519106,0.9316100681349108,0.3900000000152499,4.333333333333333,0.05263157894736842,245.40688145903823,"등차수열 2, 5, 8, 11의 다음 항은 14이다. 3씩씩 더해가기 때문이다. 4이다. 1씩씩 더해가기 때문이다. 5이다. 2씩씩 더해가기 때문이다.",stable
Sigma_MoE,math,2,0.24181049704950822,1.3521880099779828,0.0,0.55,1.142912944923382,1.0813274257536676,0.33000000001675,1.5454545454545454,0.18421052631578946,979.4727650655436,"등차수열 2, 5, 8, 11의 다음 항은 14이다. 이 4개 항은 3씩 차이가 나는 규칙을 따르기 때문이다. 이 규칙을 계속 적용하면 14가 된다. 

 1",stable
BiLevel_MoE,math,2,0.09619265920742465,1.1192475032060212,0.15000000000000002,0.475,0.2499999999875,0.6615632379579821,-0.3749999999656253,2.0526315789473686,0.15789473684210525,298.2313882623471,"등차수열 2, 5, 8, 11의 다음 항은 14이다. 이 수열은 3씩 증가하는 규칙을 따른다.

등차수열 2, 5, 8, 11이다. 이 수",stable
RoutingFree_MoE,math,2,0.25406179428100584,1.1957088044679787,0.05882352941176472,0.875,0.7889866916860038,2.1216985981809464,0.3090909091081817,1.1142857142857143,0.05263157894736842,381.6184536720909,"등차수열 2, 5, 8, 11의 다음 항은 14이다.

등비수열 3, 6, 12, 24의 다음 항은 48이다.

수열의 공통점은",stable
Nomadic_Full,code,0,0.06395453941951233,1.049848388258453,0.11538461538461542,0.225,0.9055385136552724,1.5534220988699587,0.3357142857308928,4.111111111111111,0.02631578947368421,223.5577947014544,"# 피보나치 수열
def fib(n):
    if n <= 1: return n
    return fib(n-1) + fib(n-2)

# 팩토리얼
def factorial(n):
    if n == 1: return 1
    return n",stable
MoD,code,0,0.1074224877047845,1.073774175240288,0.07407407407407407,0.275,1.0541584320363386,0.5354967952198819,0.20000000001999996,3.5454545454545454,0.10526315789473684,226.7855050149456,"# 피보나치 수열
def fib(n):
    if n <= 1: return n
    return fib(n - 1) + fib(n - 2)

# 피보나치 수열의 n번째 항을 구하는 함수
def fibonacci(n):
    ",stable
ECR,code,0,0.15304306745529175,1.1673381346425873,0.06666666666666665,0.05,0.9499999999525,0.11690684893753106,-0.024999999974375076,5.5,0.02631578947368421,186.39568241790707,"# 피보나치 수열
def fib(n):
    if n <= 1: return n
    return fib(n - 1) + fib( n - 2)


 # 팩토리얼 계산
 def factorial(n):
    if n == 1: return 1
",stable
Sigma_MoE,code,0,0.02400874955391985,1.0331783044549336,0.10344827586206895,0.75,0.9219544455448978,1.6629081231053122,0.3625000000159374,1.3,0.10526315789473684,913.4105160298545,"# 피보나치 수열
def fib(n):
    if n <= 1: return n
    return fib(n - 1) + fib(n - 2)


# 팩토리얼 계산
def factorial(n):
    if n == 1: return 1
",stable
BiLevel_MoE,code,0,0.1199939352513352,1.1453361235228259,0.08333333333333337,0.525,0.19999999999,0.6730116668092565,-0.39999999996500013,1.8571428571428572,0.2631578947368421,284.0496407761069,"# 피보나치 수열
def fib(n):
    if n <= 1: return n
    return fib(n-1) + fib(n- 2)


# 피보나치 수열 (Memoization)
memo = {}
def fib_memo(n):
    ",stable
RoutingFree_MoE,code,0,0.21001624166965485,1.1022088463090025,0.1785714285714286,0.85,0.42720018714839647,2.302307617608946,0.1363636363852272,1.1470588235294117,0.07894736842105263,350.47098519401095,"# 피보나치 수열
def fib(n):
    if n <= 1: return n
    return fib(n - 1) + fib(n - 2)


# 피보나치 수열
def fib(n):
    a, b = 0, 1",stable
Nomadic_Full,code,1,0.08788158678145101,1.1238305763239387,0.1785714285714286,0.3,0.6855654599372696,1.5281873872787495,0.2166666666862499,3.0833333333333335,0.0,232.83527791043986,"# 피보나치 수열
def fib(n):
    if n <= 1: return n
    return fib(n - 1) + fib(n - 2)

# 팩토리얼
def factorial(n):
    if n <= 1: return 1
    ",stable
MoD,code,1,0.13367227978229063,1.1314571952528996,0.0714285714285714,0.325,0.8838834764168931,0.7356219394587946,0.08333333335624993,3.0,0.13157894736842105,242.78845158209043,"# 피보나치 수열
def fib(n):
    if n <= 1: return n
    return fib(n - 1) + fib(n - 2)


# 피보나치 수열의 n번째 수를 구하는 함수
def fibonacci(n):
    if",stable
ECR,code,1,0.16680856347084044,1.0575304343201564,0.06666666666666665,0.75,0.9380831517770692,1.7000513108388786,0.3437500000164062,1.3,0.23684210526315788,328.970931880617,"# 피보나치 수열
def fib(n):
    if n <= 1: return n
    return fib(n - 1) + fib( n - 2)

# 팩토리얼 계산
def factorial(n):
    if n == 1: return 1
",stable
Sigma_MoE,code,1,0.049353057770307206,1.0497437916947232,0.06896551724137934,0.75,0.6164414002044315,1.5435481420092563,0.15833333335437494,1.3,0.07894736842105263,910.973098179097,"# 피보나치 수열
def fib(n):
    if n <= 1: return n
    return fib(n - 1) + fib(n - 2)

# 팩토리얼 계산
def factorial(n):
    if n == 0: return 1
",stable
BiLevel_MoE,code,1,0.019286214221891963,1.0432315831529366,0.07692307692307687,0.575,0.2499999999875,0.6615632379579821,-0.3749999999656253,1.6956521739130435,0.2894736842105263,295.9806954477516,"# 피보나치 수열
def fib(n):
    if n <= 1: return n
    return fib(n-1) + fib(n-2)

# 팩토리얼 계산
def factorial(n):
    if n == 1: return 1
    return",stable
RoutingFree_MoE,code,1,0.278688392508775,1.256065867404543,0.10344827586206895,0.925,0.6557438522498705,2.1933492113867925,0.2636363636547726,1.054054054054054,0.23684210526315788,366.2581787164038,"# 피보나치 수열
def fib(n):
    if n <= 1: return n
    return fib(n - 1) + fib(n - 2)


# 피보나치 수열 1 1 2 3 5 8 13 ...
",stable
Nomadic_Full,code,2,0.06395453941951233,1.049848388258453,0.11538461538461542,0.225,0.9055385136552724,1.5534220988699587,0.3357142857308928,4.111111111111111,0.02631578947368421,217.09115950748196,"# 피보나치 수열
def fib(n):
    if n <= 1: return n
    return fib(n-1) + fib(n-2)

# 팩토리얼
def factorial(n):
    if n == 1: return 1
    return n",stable
MoD,code,2,0.0641966372907035,1.1351758096822995,0.19999999999999996,0.275,1.0470195794900696,0.5684236175218302,0.1833333333537499,3.5454545454545454,0.10526315789473684,233.406926820903,"# 피보나치 수열
def fib(n):
    if n <= 1: return n
    return fib(n-1) + fib(n-2)

# 피보나치 수열의 합
def fib_sum(n):
    if n <= 1: return",stable
ECR,code,2,0.2114711710717529,1.1167628585001388,0.03703703703703709,0.875,0.8031189200699047,1.6200096391562313,0.29285714287482145,1.1142857142857143,0.4473684210526316,358.0455550895274,"# 피보나치 수열
def fib(n):
    if n <= 1: return n
    return fib(n - 1) + fib(n - 2)
print(fib(5))  # 5 출력


# 팩토리얼 계산
def factorial(n):",stable
Sigma_MoE,code,2,0.057785740093788715,1.0197215977266005,0.06666666666666665,0.575,0.6363961030042532,1.1917829417511374,0.08750000002281233,1.6956521739130435,0.18421052631578946,905.2537629552296,"# 피보나치 수열
def fib(n):
    if n <= 1: return n
    return fib(n - 1) + fib( n - 2)

# 팩토리얼 계산
def factorial(n):
    if n == 1: return 1
",stable
BiLevel_MoE,code,2,0.028861979330824083,1.2271064406129453,0.07999999999999996,0.55,0.19999999999,0.6730116668092565,-0.39999999996500013,1.7727272727272727,0.2631578947368421,287.7176234477661,"# 피보나치 수열
def fib(n):
    if n <= 1: return n
    return fib(n-1) + fib(n-2)

# 팩토리얼 계산 
def factorial(n):
    if n == 1: return 1
    ",stable
RoutingFree_MoE,code,2,0.31625026762485503,1.2001668171147888,0.11111111111111116,0.9,0.5123475381698931,2.1823986220025455,0.1600000000209999,1.0833333333333333,0.10526315789473684,361.544748686546,"# 피보나치 수열
def fib(n):
    if n <= 1: return n
    return fib(n - 1) + fib(n - 2) 

# 피보나치 수열 5번째 항 출력
print(fib(5))  # 5",stable
Nomadic_Full,code,0,0.10214317436263658,1.0578562396407547,0.2727272727272727,0.125,0.7778174592274205,1.036865055411623,0.17500000002062488,5.4,0.0,196.55109030001248,"arr = [3, 1, 4, 1, 5]
arr.sort()
print(arr)  # 输出：[1, 1, 3, 4, 5]


arr = [3, 1, 4, 1, 5]
arr.sort(",stable
MoD,code,0,0.05883985447713856,1.0298517219350067,0.26086956521739135,0.175,1.1527141882533967,0.43932046389871027,0.23333333335249995,5.571428571428571,0.05263157894736842,198.30414655713997,"arr = [3, 1, 4, 1, 5]
arr.sort()
print(arr)  # 输出 [1, 1, 3, 4, 5]


arr = [3, 1, 4, 1, 5]
arr.sort(reverse",stable
ECR,code,0,0.15985217094421386,1.0334417929678932,0.24,0.425,1.3275918045692263,0.9077808017074911,0.4000000000149999,2.176470588235294,0.10526315789473684,252.36132644287346,"arr = [3, 1, 4, 1, 5]
arr.sort()
print(arr)  # 输出 [1, 1, 3, 4, 5]


arr = [3, 1, 4, 1, 5]
sorted_arr = sorted",stable
Sigma_MoE,code,0,0.09515566739622158,1.0811194593610716,0.0,0.7,0.6633249579715813,1.5232020546697782,0.20000000001999996,1.3928571428571428,0.21052631578947367,863.3228210000068,"arr = [3, 1, 4, 1, 5]
arr.sort()
print(arr)  # [1, 1, 3, 4, 5]


 1 3 5 7 9 11 13 15 17 1",stable
BiLevel_MoE,code,0,0.024073839551281794,1.0053043749235022,0.25,0.55,0.3499999999825,0.6305810281860147,-0.3249999999668751,1.7727272727272727,0.2894736842105263,283.10166721426606,"arr = [3, 1, 4, 1, 5]
arr.sort()
print(arr)  # 输出： [1, 1, 3, 4, 5]


arr = [3, 1, 4, 1, 5]
sorted_arr =",stable
RoutingFree_MoE,code,0,0.14656912237405778,1.041416833984188,0.0,0.925,0.6964194136676907,2.166133819141434,0.2818181818361363,1.054054054054054,0.13157894736842105,346.8108375285477,"arr = [3, 1, 4, 1, 5]
arr.sort()
print(arr)  # 输出 [1, 1, 3, 4, 5]


def bubble_sort(arr):
    for i in range(len(arr) - 1):
",stable
Nomadic_Full,code,1,0.06845232372312679,1.3120437899936332,0.09090909090909094,0.15,0.5612486079599663,1.2212845419584524,0.050000000023749935,4.666666666666667,0.0,199.76328238569425,"arr = [3, 1, 4, 1, 5]
arr.sort()
print(arr)  # Output: [1, 1, 3, 4, 5]


sorted_arr = sorted(arr)
print(sorted_arr)  # Output: [1,",stable
MoD,code,1,0.05381701020481784,1.0285454781262549,0.2727272727272727,0.125,1.2036403116307992,0.38131648755332903,0.2500000000187499,7.8,0.02631578947368421,188.8582248000083,"arr = [3, 1, 4, 1, 5]
arr.sort()
print(arr)  # 输出：[1, 1, 3, 4, 5]


arr = [3, 1, 4, 1, 5]
arr.sort(",stable
ECR,code,1,0.30336631536483766,1.1301051585879618,0.0,0.775,1.0446291206059988,1.4705729500285283,0.37142857144428576,1.1935483870967742,0.34210526315789475,316.70326077146456,"arr = [3, 1, 4, 1, 5]
arr.sort()
print(arr)  # Output: [1, 1, 3, 4, 5]

 1 + 2 3 4 5 6 7 8 9 10",stable
Sigma_MoE,code,1,0.03115891174844414,1.008496695582248,0.25,0.85,0.9886859964912393,1.502380194586224,0.3571428571589286,1.1176470588235294,0.2631578947368421,868.8170624571545,"arr = [3, 1, 4, 1, 5]
arr.sort()
print(arr)  # [1, 1, 3, 4, 5]


arr = [3, 1, 4, 1, 5]
sorted_arr = sorted(",stable
BiLevel_MoE,code,1,0.02926282227898073,1.0959194079870704,0.24,0.575,0.39999999998,0.6108643018548935,-0.29999999996750004,1.6956521739130435,0.34210526315789475,281.8846097285652,"arr = [3, 1, 4, 1, 5]
arr.sort()
print(arr)  # 输出 [1, 1, 3, 4, 5]


arr = [3, 1, 4, 1, 5]
sorted_arr = sorted",stable
RoutingFree_MoE,code,1,0.6611776947975159,1.4819314149280478,0.0,0.925,0.7968688722864006,2.191571125311233,0.3333333333499999,1.054054054054054,0.18421052631578946,350.70717491429866,"arr = [3, 1, 4, 1, 5]
arr.sort()
print(arr)  # 输出 [1, 1, 3, 4, 5]


 1 排序算法会改变原始列表的内容。
 2 排序算法会创建新的列表而不改变",stable
Nomadic_Full,code,2,0.10214317436263658,1.0578562396407547,0.2727272727272727,0.125,0.7778174592274205,1.036865055411623,0.17500000002062488,5.4,0.0,191.96171312859013,"arr = [3, 1, 4, 1, 5]
arr.sort()
print(arr)  # 输出：[1, 1, 3, 4, 5]


arr = [3, 1, 4, 1, 5]
arr.sort(",stable
MoD,code,2,0.028140175182309192,1.085900897791026,0.26086956521739135,0.125,1.1527141882533967,0.43932046389871027,0.23333333335249995,7.8,0.0,191.0328508571443,"arr = [3, 1, 4, 1, 5]
arr.sort()
print(arr)  # Output: [1, 1, 3, 4, 5]


arr = [3, 1, 4, 1, 5]
arr.sort(",stable
ECR,code,2,0.5750269651412964,1.2472462365442394,0.0,0.475,1.3186166991933013,1.2745414686759204,0.45714285715642866,2.0526315789473686,0.10526315789473684,262.5757557285917,"arr = [3, 1, 4, 1, 5]
arr.sort()
print(arr)  # 输出 [1, 1, 3, 4, 5]


 1. 排序顺序가 중요하다. 
 2. 정렬된 결과를 사용한다. 
",stable
Sigma_MoE,code,2,0.2366837304340322,1.205440878266813,0.0,0.45,1.1263880324660824,1.0019178014407717,0.37000000001574995,2.1666666666666665,0.15789473684210525,870.1917944571635,"arr = [3, 1, 4, 1, 5]
arr.sort()
print(arr)  # 输出 [1, 1, 3, 4, 5]


 1. 排序 (Sorting): 列表元素按照特定顺序排列。
 2. 查找 (",stable
BiLevel_MoE,code,2,0.024073839551281794,1.0053043749235022,0.25,0.55,0.3499999999825,0.6305810281860147,-0.3249999999668751,1.7727272727272727,0.2894736842105263,276.35321309997903,"arr = [3, 1, 4, 1, 5]
arr.sort()
print(arr)  # 输出： [1, 1, 3, 4, 5]


arr = [3, 1, 4, 1, 5]
sorted_arr =",stable
RoutingFree_MoE,code,2,0.32067939564585685,1.2596692863843715,0.0,0.875,0.6547900425381119,1.997203350920202,0.23333333335249995,1.1142857142857143,0.07894736842105263,343.09753601425786,"arr = [3, 1, 4, 1, 5]
arr.sort()
print(arr)  # Output: [1, 1, 3, 4, 5]


 1 # 列表排序示例
 2 numbers = [5, 2, 9, ",stable
Nomadic_Full,code,0,0.19692352097990806,1.1995301196619035,0.0,0.2,1.5652475840541968,0.6872074347259847,0.46000000001349994,4.75,0.02631578947368421,277.21732129408764,"const greeting = (name) => `Hello, ${name}!`;
console.log(greeting('Alice')); // Hello, Alice!

const add = (a, b) => a + b;
console. console.log(add",stable
MoD,code,0,0.06902760099124419,1.1277185916363068,0.0,0.475,0.5208166663609303,0.9697897303214839,-0.0666666666400002,2.0526315789473686,0.07894736842105263,351.966921117684,"const greeting = (name) => `Hello, ${name}!`;
console.log(greeting('Alice')); // Output: Hello, Alice!

const add = (a, b) => a + b;
console.log(add",stable
ECR,code,0,0.664271105080843,1.7780271241192156,0.0,0.75,1.2554879526664873,1.5660049919136583,0.46666666668,1.2666666666666666,0.42105263157894735,355.0507392459115,"const greeting = (name) => `Hello, ${name}!`; console.log(greeting(' Alice')); <h2> <strong> 1. Arrow Functions Preserve the <code>this</code> Value of the Surrounding Scope. </strong> </h2> <h2>",stable
Sigma_MoE,code,0,0.08805629163735315,1.0472733048918648,0.0,0.15,1.5016657416179542,0.42905505007544004,0.41250000001468745,6.333333333333333,0.05263157894736842,1164.8850667254867,"const greeting = (name) => `Hello, ${name}!`

console.log(greeting('World')) // ""Hello, World!""

const add = (a, b) => a + b

console.log(add(5",stable
BiLevel_MoE,code,0,0.08481531882142472,1.037415630486613,0.2142857142857143,0.525,0.299999999985,0.6474466388346325,-0.3499999999662502,1.8571428571428572,0.21052631578947367,368.32533560785424,"const greeting = (name) => `Hello, ${name}!` 

const add = (a, b) => a + b 

const multiply = (a, b) => a * b 

const greet = (name)",stable
RoutingFree_MoE,code,0,0.24702431543264539,1.0401086611708268,0.0,0.925,0.3372684389880522,2.3415987776407974,0.09545454547715893,1.054054054054054,0.13157894736842105,473.8928428235465,"const greeting = (name) => `Hello, ${name}!`

console.log(greeting(""Alice"")) // ""Hello, Alice!""


const add = (a, b) => a + b

console.log(add(5",stable
Nomadic_Full,code,1,0.2369330054083548,1.284918590555709,0.0,0.2,1.5062370329509271,0.7430039362341687,0.45000000001374985,4.75,0.02631578947368421,278.24699645098724,"const greeting = (name) => `Hello, ${name}!`;

console.log( greeting('Alice') ); // ""Hello, Alice!"" 


const add = (a, b) => a + b;

console.log(",stable
MoD,code,1,0.05445593037564145,1.016909713964454,0.0,0.425,0.5689903337943778,0.9471373496198396,-0.04999999997375015,2.2941176470588234,0.05263157894736842,327.54766892150445,"const greeting = (name) => `Hello, ${name}!`;

console.log(greeting(""Alice"")); // Output: Hello, Alice!

const add = (a, b) => a + b;

console.log(add",stable
ECR,code,1,0.4175445720553398,1.2311473089687508,0.0,0.25,1.688194301402389,0.5432925407827021,0.4900000000127499,3.8,0.13157894736842105,298.20287996078736,"const greeting = (name) => `Hello, ${name}!`;

console.log(greeting('Alice')); // 'Hello, Alice!'

const add = (a, b) => a + b;

console. 2. Arrow",stable
Sigma_MoE,code,1,0.06048881586388486,1.0181154054999653,0.0,0.6,1.3019216564013172,1.2600701859913161,0.45714285715642855,1.5833333333333333,0.15789473684210525,1181.928531843119,"const greeting = (name) => `Hello, ${name}!`;

console.log(greeting(""Alice"")); // ""Hello, Alice!""

const add = (a, b) => a + b;

console.log(add(",stable
BiLevel_MoE,code,1,0.0747236924204584,1.1050050549161359,0.0,0.45,0.2499999999875,0.6615632379579821,-0.3749999999656253,2.1666666666666665,0.15789473684210525,349.11495323531733,"const greeting = (name) => `Hello, ${name}!` 
console.log(greeting(""Alice"")) // ""Hello, Alice!""


const add = (a, b) => a + b 
console.log(add",stable
RoutingFree_MoE,code,1,0.24702431543264539,1.0401086611708268,0.0,0.925,0.3372684389880522,2.3415987776407974,0.09545454547715893,1.054054054054054,0.13157894736842105,471.56259605881314,"const greeting = (name) => `Hello, ${name}!`

console.log(greeting(""Alice"")) // ""Hello, Alice!""


const add = (a, b) => a + b

console.log(add(5",stable
Nomadic_Full,code,2,0.25546228004122895,1.3264623930690327,0.0714285714285714,0.3,0.9810708433947953,1.1865063104143372,0.29000000001774984,3.1666666666666665,0.05263157894736842,306.2528287255013,"const greeting = (name) => `Hello, ${name}!`;

 
 console.log(greeting(""Alice"")); // ""Hello, Alice!"" 

 
 console.log(greeting(42)); // ""Hello, 4",stable
MoD,code,2,0.05445593037564145,1.016909713964454,0.0,0.425,0.5689903337943778,0.9471373496198396,-0.04999999997375015,2.2941176470588234,0.05263157894736842,334.9387657255255,"const greeting = (name) => `Hello, ${name}!`;

console.log(greeting(""Alice"")); // Output: Hello, Alice!

const add = (a, b) => a + b;

console.log(add",stable
ECR,code,2,0.19099250687286257,1.0430540640062311,0.0,0.55,1.1800423719435882,1.174019391174468,0.40833333334812494,1.7727272727272727,0.07894736842105263,369.2589255098189,"const greeting = (name) => `Hello, ${name}!`;

console.log(greeting(""Alice"")); // ""Hello, Alice!""

const add = (a, b) => a + b;

console.log(add(",stable
Sigma_MoE,code,2,0.07198981965789245,1.0265817807277702,0.0,0.575,1.4456832292632433,1.0381032766589253,0.45000000001374996,1.6521739130434783,0.2631578947368421,1169.4740346470544,"const greeting = (name) => `Hello, ${name}!`;

console.log(greeting(""Alice"")); // Output: Hello, Alice!

const add = (a, b) => a + b;

console.log(add",stable
BiLevel_MoE,code,2,0.2811089194548041,1.3660674044045473,0.0,0.4,0.0,0.6931471803599453,-0.4999999999625002,2.4375,0.18421052631578946,330.8730521568185,"const greeting = (name) => `Hello, ${name}!` console.log(greeting('Alice')) // Output: Hello, Alice! Explanation: The arrow function syntax simplifies function writing. The return keyword is omitted w",stable
RoutingFree_MoE,code,2,0.4654205597937107,1.2081895455047806,0.6363636363636364,0.925,0.5722761569842176,2.036446961702543,0.1944444444645833,1.054054054054054,0.05263157894736842,470.1061724901557,"const greeting = (name) => `Hello, ${name}!. 🚀`

const greeting = (name) => `Hello, ${name}!. 🚀`

const greeting = (name) => `Hello, ${name}!.",stable
Nomadic_Full,code,0,0.10629849234301218,1.0356490107573624,0.0,0.125,1.3322912592808864,0.8964301348394261,0.4100000000147499,7.2,0.0,226.352310000023,"try:
    result = 10 / 0
except ZeroDivisionError:
    print(""Cannot divide by zero."")


 1
 2
 3
 4
 5
 6
 7
 8
 9
10
",stable
MoD,code,0,0.05458691492386174,1.0925350460342613,0.13043478260869568,0.5,0.5689903337943778,0.8990737634631184,-0.0333333333075001,1.95,0.15789473684210525,312.9521176779852,"try:
    result = 10 / 0
except ZeroDivisionError:
    print(""Error: Division by zero."")


* 1.
* 2.
* 3.
* 4.

try:
    result = 10",stable
ECR,code,0,0.1922323535734904,1.2195191685674898,0.0,0.675,1.1096170508644243,1.4370463698607707,0.39285714287232143,1.4444444444444444,0.18421052631578946,357.0523770338973,"try:
    result = 10 / 0
except ZeroDivisionError:
    print(""Cannot divide by zero."")


try:
    num = int(input(""Enter a number: ""))
except ValueError:
    print(""That's not a valid number",stable
Sigma_MoE,code,0,0.11787921853553392,1.086374702061667,0.26086956521739135,0.35,1.6085707939330411,1.0858418391810363,0.5000000000125,2.5714285714285716,0.07894736842105263,1021.92769884746,"try:
    result = 10 / 0
except ZeroDivisionError:
    print(""Cannot divide by zero"")


try:
    result = 10 / 0
except ZeroDivisionError as e:
    print(f""Error: {e",stable
BiLevel_MoE,code,0,0.20832043142463022,1.5105428312360838,0.0,0.575,0.2499999999875,0.6615632379579821,-0.3749999999656253,1.6956521739130435,0.3157894736842105,305.8227763281707,"try:
    result = 10 / 0
except ZeroDivisionError:
    print(""Error: Division by zero."")
finally:
    print(""Cleanup code here."")
 

 1. <strong> <code>try</code> block</strong>: This block contains c",stable
RoutingFree_MoE,code,0,0.263899652659893,1.1805208509660334,0.12,0.975,1.1704699907208214,2.068478530437835,0.34166666668312495,1.0,0.42105263157894735,422.76719177971245,"try:
    result = 10 / 0
except ZeroDivisionError:
    print(""Cannot divide by zero."")


 1 2 3 4 5 6 7 8 9 0 


 1 2 3 4",stable
Nomadic_Full,code,1,0.1972970907416311,1.245094394491233,0.33333333333333337,0.125,1.2918010681149064,0.9057906291273292,0.4100000000147499,7.2,0.0,230.60373913558888,"try:
    result = 10 / 0
except ZeroDivisionError:
    print(""除算エラーが発生しました。"")
finally:
    print(""処理が終了しました。"")


try:
    result = 10 / 0
except Zero",stable
MoD,code,1,0.07553044760183467,1.0424975936173067,0.0,0.45,0.41683329998206414,1.01519566565362,-0.11666666663874992,2.1666666666666665,0.02631578947368421,300.7322331017102,"try:
    result = 10 / 0
except ZeroDivisionError:
    print(""Cannot divide by zero."")


try:
    file = open(""nonexistent_file.txt"", ""r"")
    content = file.read()
    file.",stable
ECR,code,1,0.23163466388359666,1.1596945124186262,0.3076923076923077,0.175,1.74999999978125,0.46371240900343724,0.5000000000124999,4.428571428571429,0.05263157894736842,243.27729230510343,"try:
    result = 10 / 0
except ZeroDivisionError:
    print(""Cannot divide by zero."")


try:
    result = 10 / 0
except ZeroDivisionError:
    print(""An error occurred: Cannot divide by zero",stable
Sigma_MoE,code,1,0.10130649502420927,1.0363200918540703,0.31818181818181823,0.8,0.9130991181820364,1.8227621829460685,0.3611111111270833,1.21875,0.18421052631578946,1024.2568725254264,"try:
    result = 10 / 0
except ZeroDivisionError:
    print(""Cannot divide by zero"")
finally:
    print(""Cleanup code"")


try:
    result = 10 / 0
except ZeroDivisionError:
    ",stable
BiLevel_MoE,code,1,0.13164205751659402,1.0624502887387737,0.0,0.575,0.2499999999875,0.6615632379579821,-0.3749999999656253,1.6956521739130435,0.2894736842105263,333.36667832203204,"try:
    result = 10 / 0
except ZeroDivisionError:
    print(""Error: Division by zero."")
finally:
    print(""Cleanup code here."")


 1
 2
 3
 4
 5
 6
",stable
RoutingFree_MoE,code,1,0.28578802235424516,1.2489295152064614,0.24,0.975,0.44721359536579375,2.3808423883231384,0.16666666668749985,1.0,0.0,426.7286723051087,"try:
    result = 10 / 0
except ZeroDivisionError:
    print(""Error: Division by zero"")


 try:
    result = 10 / 0  # This raises a ZeroDivisionError
except ZeroDivisionError:
    print",stable
Nomadic_Full,code,2,0.19746962264648574,1.3428341423707202,0.0,0.425,0.781024967453986,1.654213437391045,0.2642857143041071,2.1176470588235294,0.02631578947368421,290.83916281358097,"try:
    result = 10 / 0
except ZeroDivisionError:
    print(""Error: Division by zero."")


def calculate_square_root(number):
    if number < 0:
        raise ValueError(""Number cannot be negative."")
",stable
MoD,code,2,0.08015096951886133,1.0575784513509134,0.0,0.425,0.5135659645658359,0.9757064414180586,-0.08333333330625003,2.2941176470588234,0.05263157894736842,292.5756445932212,"try:
    result = 10 / 0
except ZeroDivisionError:
    print(""Error: Division by zero."")


try:
    file = open(""nonexistent_file.txt"", ""r"")
    content = file.read()
    file",stable
ECR,code,2,0.30875248089432716,1.085044073364697,0.31818181818181823,0.725,1.0392304843334803,1.6152709482602177,0.3875000000153124,1.3448275862068966,0.21052631578947367,363.71208315256933,"try:
    result = 10 / 0
except ZeroDivisionError:
    print(""Cannot divide by zero"")
finally:
    print(""Cleanup completed"")


try:
    result = 10 / 0
except ZeroDivisionError:
    ",stable
Sigma_MoE,code,2,0.19166606662114988,1.1640077021117057,0.0,0.7,1.1816302295437806,1.6618606850136686,0.4333333333475,1.3928571428571428,0.21052631578947367,1019.0421613728699,"try:
    result = 10 / 0
except ZeroDivisionError:
    print(""Cannot divide by zero."")
finally:
    print(""Cleanup code here."")


class CustomError(Exception):
    pass

raise CustomError(""An error oc",stable
BiLevel_MoE,code,2,0.12982567629570543,1.1967105039085224,0.040000000000000036,0.45,0.6882949948451881,0.7769347907587627,0.033333333357499884,2.1666666666666665,0.15789473684210525,301.9062068475035,"try:
    result = 10 / 0
except ZeroDivisionError:
    print(""Error: Division by zero."")


 def divide(x, y):
    return x / y

 result = divide(10, 0)  # Raises ZeroDivision",stable
RoutingFree_MoE,code,2,0.3831324551254511,1.148413681239165,0.2692307692307693,0.925,0.5012484412562422,2.2655196444710817,0.18636363638397724,1.054054054054054,0.02631578947368421,407.99305301691874,"try:
    result = 10 / 0
except ZeroDivisionError:
    print(""Error: Division by zero"")
    raise ValueError(""Division by zero"") from None


try:
    result = 10 / 0
except ZeroDivisionError as",stable
Nomadic_Full,code,0,0.2509076751768589,1.314163457593379,0.31034482758620685,0.075,1.0068515282045993,0.5757564554894752,0.1833333333537499,13.0,0.0,190.88919496874723,"<html>
<body>
<h1>Hello</h1>
</body>
</html >


< html > 
< body > 
< h1 > Hello < / h1 > 
< / body > 
< / html > 


 1 <!",stable
MoD,code,0,0.13057406284169942,1.1266396693696004,0.0,0.475,0.5099019513210358,0.9433483920290393,-0.0666666666400002,2.0526315789473686,0.21052631578947367,274.60365973439593,"<html>
<body>
<h1>Hello</h1>
</body>
</html

<html lang=""en"">
<head>
    <meta charset=""UTF-8"">
    <meta name=""viewport"" content=""width=device-width, initial-",stable
ECR,code,0,0.4573928385972977,1.0885532699971685,0.0,0.625,0.8944271908210305,1.7154867643004532,0.33125000001671867,1.56,0.21052631578947367,306.8265917030999,"<html>
<body>
<h1>Hello</h1>
</body>
</html >

<script>
  console.log(""Hello, world!"");
</script>

<style>
  body {
    background-color: lightblue;
  }",stable
Sigma_MoE,code,0,0.27189441411464943,1.285475537853107,0.2142857142857143,0.775,0.8717797885337788,1.7327006588557274,0.33125000001671867,1.2580645161290323,0.13157894736842105,806.4301490946024,"<html>
<body>
<h1>Hello</h1>
</body>
</html >

<head>
<title>Hello</title>
</head>
<body>
<h1>Hello</h1>
</body>

<head>
<title>Hello</title>
</",stable
BiLevel_MoE,code,0,0.2556038901078864,1.1247123946399047,0.20833333333333337,0.425,0.7305819597553291,0.8471215218707844,0.033333333357499884,2.2941176470588234,0.15789473684210525,258.8222626566934,"<html>
<body>
<h1>Hello</h1>
</body>
</html > 

< html > 
< body > 
  < h1 > Hello</h1 > 
</ body > 
</ html > 

 <body> <h1>",stable
RoutingFree_MoE,code,0,0.6541671037673951,1.6103286904566714,0.0,0.925,0.6661456295405214,2.1721731333367265,0.2818181818361363,1.054054054054054,0.07894736842105263,330.109738123299,"<html>
<body>
<h1>Hello</h1>
</body>
</html >

<head>
<meta charset=""utf-8"">
<title> Example</title>
</head>
<body>
<h1> Hello world </h1>
</body>

<!DOCTYPE",stable
Nomadic_Full,code,1,0.1771268812881317,1.3649472950896533,0.0,0.15,0.758287544310369,1.2553150329346177,0.21000000001974994,6.5,0.02631578947368421,180.40598935616276,"<html>
<body>
<h1>Hello</h1>
</body>
</html




 1 <html> 
 2 <body> 
 3 <h1>Hello</h1> 
 4 </body> 
 5 </html> 
 6 
 7",stable
MoD,code,1,0.12151436139928791,1.2212383584600828,0.0,0.5,0.2828427124534058,1.0549201676861442,-0.19999999997000018,1.95,0.15789473684210525,284.0974893125008,"<html>
<body>
<h1>Hello</h1>
</body>
</html?


<html lang=""en"">
<head>
    <meta charset=""UTF-8"">
    <meta name=""viewport"" content=""width=device-width, initial",stable
ECR,code,1,0.8384389877319336,1.962704626732575,0.0,0.85,0.8223442099848989,1.8635116981676731,0.3333333333499999,1.1176470588235294,0.21052631578947367,318.1338114857291,"<html>
<body>
<h1>Hello</h1>
</body>
</html

<?php 
$root = $_SERVER[""DOCUMENT_ROOT""]; 
include $root . ""/includes/header.php""; 
?> 

<h1>Hello</h1> 

 ",stable
Sigma_MoE,code,1,0.25869761852118245,1.3530775538907918,0.0,0.6,0.6471089551963506,1.3689784368765496,0.1500000000212498,1.625,0.18421052631578946,951.3984463968276,"<html>
<body>
<h1>Hello</h1>
</body>
</html>


<script> console.log(""Hello, world!""); </script>


<button onclick=""alert('Hello!')"">Click me</button>


<style> h1 {",stable
BiLevel_MoE,code,1,0.16011067943015575,1.1382069616982147,0.0,0.55,0.6254998001129276,0.9139426129864532,-0.01666666664125005,1.7727272727272727,0.15789473684210525,290.4858966923292,"<html>
<body>
<h1>Hello</h1>
</body>
</html > 

 1 <!DOCTYPE html> 
 2 <html> 
 3 <head> 
 4     <title>Example</title> 
 5 </",stable
RoutingFree_MoE,code,1,0.6057880640029907,1.3467187277179873,0.0,0.925,0.6284902543102796,2.29168205155931,0.26250000001843743,1.054054054054054,0.2631578947368421,376.5066162656012,"<html>
<body>
<h1>Hello</h1>
</body>
</html >
 
 1. HTML(Hypertext Markup Language) 
 2. CSS(Cascading Style Sheets) 
 3. JavaScript 
 4. DOM(",stable
Nomadic_Full,code,2,0.2901520050130785,1.3973145382623604,0.125,0.15,1.097724919895235,0.8879351830996564,0.23750000001906235,6.5,0.0,178.06225812165468,"<html>
<body>
<h1>Hello</h1>
</body>
</htmll> 

< html> 
 <body> 
 <h1> Hello </h1> 
 </body> 
 </ html> 

 <html> 
 <body> 
 <h1>",stable
MoD,code,2,0.127854297804804,1.3260876661079455,0.0,0.5,0.33726843905550585,1.035194017609452,-0.16666666663750007,1.95,0.13157894736842105,259.3621977971254,"<html>
<body>
<h1>Hello</h1>
</body>
</html?


<html lang=""en"">
<head>
    <meta charset=""UTF-8"">
    <title>Title</title>
</head>
<body>
<h1>",stable
ECR,code,2,0.5439594179391861,1.5037996518406862,0.16666666666666663,0.075,1.2554879528548102,0.3141230255900314,0.26666666668499994,12.666666666666666,0.02631578947368421,146.41963075859815,"<html>
<body>
<h1>Hello</h1>
</body>
</html >


1. <html></html>
2. <body></body>
3. <h1></h1>

<html>
  <body>
    <h1>Hello</h1>
  </body>
</html>


1. <html>",stable
Sigma_MoE,code,2,0.1354591945048469,1.0903990367194745,0.0,0.75,1.11299146422718,1.6937820715079963,0.4111111111258333,1.3,0.23684210526315788,930.6961668593772,"<html>
<body>
<h1>Hello</h1>
</body>
</ html>

<script> console.log(""Hello""); </script>

<style> body { background-color: lightblue; } </style>

<img src=""image.jpg",stable
BiLevel_MoE,code,2,0.20581885816743545,1.167105263798064,0.0,0.425,0.44300112863350866,0.9829167524825078,-0.11666666663875014,2.2941176470588234,0.07894736842105263,243.0808030000359,"<html>
<body>
<h1>Hello</h1>
</body>
</html >

<head>
<meta charset=""UTF-8"">
<title>My Webpage</title>
</head>
<body>
<h1>Welcome to My Webpage</h1>
",stable
RoutingFree_MoE,code,2,0.5455666422843933,1.2357507323939698,0.0,0.95,0.7889866916860035,2.1298199807074045,0.30454545456284077,1.0263157894736843,0.18421052631578946,337.1550128493204,"<html>
<body>
<h1>Hello</h1>
</body>
</html >

 1 <body>
 2   <h1>Welcome</h1>
 3   <p>This is a sample HTML page.</p>
 4 </body>
 5 </html>",stable
Nomadic_Full,language,0,0.34037531557651945,1.2342025230533507,0.0,0.85,0.4949747467810858,1.2294484548490994,0.012500000024687319,1.1470588235294117,0.34210526315789475,435.93063488680065,"바람이 부는 날, 그는 오래된 편지를 꺼내 읽었다. 낡은 종이 위로 묻혀 있던 기억들이 서서히 되살아나기 시작했다. 잊고 있던 냄새와 소리들이",transition
MoD,language,0,0.47547613313331566,1.9043051273924363,0.0,0.475,0.5787918450961019,0.9376369619724492,-0.0333333333075001,2.0526315789473686,0.18421052631578946,328.5852749245093,"바람이 부는 날, 그는 오래된 편지를 꺼내어 읽었다. 편지에는 옛날의 추억들이 가득했다. 그는 편지를 읽으며 과거로 돌아갔다. 그곳에서 그는 옛 친구들과 함께 웃고",transition
ECR,language,0,1.0865710727870463,1.7069444228188373,0.0,0.725,0.5196152421667402,1.9416473882272391,0.14375000002140614,1.3448275862068966,0.15789473684210525,399.6336604339479,"바람이 부는 날, 그는 오래된 편지를 읽었다. 편지에는 그의 곁을 떠난 사람들이 남긴 말들이 적혀 있었다. 그들은 모두 같은 말을 했다. “네가 곁에 있으면 따뜻한 햇살",transition
Sigma_MoE,language,0,0.5551899424522488,1.4814326905484474,0.0,0.625,0.6519202404550729,1.1954531533765032,0.0750000000231249,1.4,0.21052631578947367,1126.9824008679348,"바람이 부는 날, 그는 오래된 편지를 꺼내 읽었다. 편지에는 낡은 잉크 냄새가 났다. 그는 1997년 12월 31일, 24",transition
BiLevel_MoE,language,0,0.48108965465980874,1.4822084701884264,0.0,0.1,1.2554879528548102,0.3141230255900314,0.26666666668499994,9.75,0.02631578947368421,239.96312181132555,"바람이 부는 날, 그는 오래된 편지를 읽었다. 편지에는 그의 곁을 떠난 이들의 흔적이 남아 있었다. 그는 편지를 읽으며 그들의 목소리를 들었다. 그들은 더 이상 곁에 없",transition
RoutingFree_MoE,language,0,1.1275364995002746,2.3232398674778585,0.0,0.725,0.7713624308149508,2.139040033465603,0.3000000000174998,1.3103448275862069,0.13157894736842105,395.15898460376775,"바람이 부는 날, 그는 오래된 편지를 꺼내보곤 한다. 그 편지에는 기억들이 담겨 있다. 낡은 편지지에 적힌 글씨들은 그의 마음속에 오래 남는다. 그는 이 편지들을",transition
Nomadic_Full,language,1,0.4027371326054131,1.4390505253880561,0.0,0.825,0.5049752468676063,1.2263442057509226,0.012500000024687319,1.1818181818181819,0.34210526315789475,434.9004696415027,"바람이 부는 날, 그는 오래된 편지를 꺼내 읽었다. 낡은 종이 냄새가 낯선 그리움으로 피어올랐다. 잊었던 기억들이 차례로 떠올랐다. 그",transition
MoD,language,1,0.43408754710137637,1.3455398548187352,0.0,0.425,0.5820223362974891,0.9137323023676868,-0.01666666664125005,2.2941176470588234,0.07894736842105263,317.0311944717091,"바람이 부는 날, 그는 오래된 편지를 꺼내본다. 편지에는 ‘사랑하는 나의 아내에게’로 시작하는 글귀가 적혀 있다. 그는 편지를 읽으며 아내와의 소중한 추억을",transition
ECR,language,1,1.0371116638183593,1.67423322278294,0.0,0.5,1.2609520210711826,1.3728743089484372,0.400000000015,1.85,0.10526315789473684,344.7922083585169,"바람이 부는 날, 그는 오래된 편지를 읽었다. 편지에는 낡은 사진이 붙어 있었다. 그는 10년 전의 기억을 떠올렸다. 10년 전, 그는 같은 반 친구들과 함께",transition
Sigma_MoE,language,1,0.46512274664710274,2.1507174611920665,0.0,0.7,0.7382411529009338,1.5093384096145874,0.24166666668562498,1.3928571428571428,0.13157894736842105,1108.2775484905624,"바람이 부는 날, 그는 오래된 편지를 꺼내보았다. 낡은 종이에 적힌 글씨는 시간이 흐른 흔적을 남기고 있었다. 그 글귀들은 그의 어린 시절을 떠올리게 했다. ",transition
BiLevel_MoE,language,1,0.3349116573579522,1.748912164437611,0.0,0.2,1.0541584320363389,0.5354967952198819,0.20000000001999996,4.875,0.02631578947368421,270.7831406603976,"바람이 부는 날, 그는 오래된 편지를 꺼내 읽었다. 편지에는 가족의 따뜻한 미소와 함께 쓴 손글씨가 담겨 있었다. 그 순간, 그는 가족의 소중함을 다시금 깨달",transition
RoutingFree_MoE,language,1,1.0320375442504883,2.100500977713596,0.0,0.9,0.5147815069077851,2.2567472183462125,0.20000000001999985,1.0555555555555556,0.02631578947368421,443.8530837547694,"바람이 부는 날, 그는 오래된 편지를 꺼내어 읽었다. 편지에는 낡은 사진이 붙어 있었다. 그 사진에는 젊은 시절의 자신이 있었다. 시간의 흐름을 느낄 때마다 그는 미소를",transition
Nomadic_Full,language,2,0.47980600034771176,1.8112449078068098,0.0,0.825,0.43011626330911973,1.2735586522749767,-0.024999999974375076,1.1818181818181819,0.3157894736842105,419.55996043392554,"바람이 부는 날, 그는 오래된 편지를 읽었다. 낡은 종이 위로 옅은 향기가 묻어났다. 그 기억 속에서 잃어버린 것들이 하나씩 제자리로 돌아오기 시작",transition
MoD,language,2,0.528593979613197,1.667640311861785,0.0,0.25,0.8923284148118127,0.7150512198325316,0.11666666668874992,3.9,0.07894736842105263,278.50056750946163,"바람이 부는 날, 그는 오래된 편지를 꺼내어 읽었다. 편지에는 그와 그녀의 첫 만남부터 시작된 이야기들이 담겨 있었다. 그는 그 편지를 읽을 때마다 그 시절의 감정들이 되",transition
ECR,language,2,1.321366310119629,2.2841969780610243,0.0,0.725,0.5315072905570064,1.6414097081820311,0.13333333335499986,1.3448275862068966,0.13157894736842105,397.0040493396431,"바람이 부는 날, 그는 오래된 편지를 꺼내 펼쳤다. 편지 속에는 그가 잊고 있던 기억들이 살아났다. 그는 다시 웃고, 다시 울었다. 그의 곁에는 더 이상 아무도 없었다",transition
Sigma_MoE,language,2,0.4375627038432867,1.6038886271567883,0.0,0.65,1.2041594576383976,1.532246020719893,0.425000000014375,1.3846153846153846,0.21052631578947367,1106.851792566062,"바람이 부는 날, 그는 오래된 편지를 꺼내 읽었다. 편지 속에는 낡은 종이에 남겨진 그의 첫사랑의 흔적이 있었다. 낡은 펜촉으로 꾹꾹 눌러 쓴 글",transition
BiLevel_MoE,language,2,0.4793550754970056,1.5745724025593768,0.0,0.2,1.102837249922926,0.4902932688359366,0.2166666666862499,4.875,0.05263157894736842,263.2635151132044,"바람이 부는 날, 그는 오래된 편지를 꺼내 읽었다. 편지에는 ""당신이 곁에 있는 것만으로도 나는 행복하다""는 말이 적혀 있었다. 그는 그 말을 다시 읽으며 미소를 지었다",transition
RoutingFree_MoE,language,2,1.4085329055786133,2.8800654556350422,0.0,0.9,0.30822070005598257,2.4392540661443967,0.0708333333565625,1.0833333333333333,0.02631578947368421,445.1271372263535,"바람이 부는 날, 그는 오래된 편지를 읽는다. 편지에는 낡은 문장들이 남아 있다. “사랑하는 사람아, 너의 미소를 잊지 못해.” 그는 손가 남아있는 편지를 조심",transition
Nomadic_Full,language,0,0.41266412382246925,1.6209572928768945,0.0,0.8,0.6224949798216247,1.386174618125265,0.1500000000212498,1.21875,0.2894736842105263,477.44501057449986,"The paradox of freedom is that it requires constraints to be meaningful. Without constraints, true choice becomes impossible. Freedom is only experienced within a defined boundary. This concept applie",transition
MoD,language,0,0.4808164616115391,1.7513079542963663,0.024390243902439046,0.45,0.7254309063729381,0.854891372792126,0.016666666691249943,2.1666666666666665,0.23684210526315788,368.8972218723335,"The paradox of freedom is that it is not given to us outright. We must earn it through our actions and choices. Freedom is not a gift from the state or society, but rather a responsibility that we mus",transition
ECR,language,0,1.205560302734375,2.4319645886384937,0.07499999999999996,0.85,0.7802243265018002,2.122497756419391,0.30454545456284077,1.1470588235294117,0.15789473684210525,476.88435225535744,"The paradox of freedom is that the more we value it, the more we may feel trapped or limited by it. This is because freedom is always relative to the constraints we face. We may desire complete freedo",transition
Sigma_MoE,language,0,0.38267673552036285,1.4594830348699033,0.0,0.65,0.47958315225933446,1.666240659498837,0.10000000002249998,1.5,0.10526315789473684,1266.8971216383184,"The paradox of freedom is that it often comes at a cost. While freedom provides individuals with the ability to make choices and pursue their desires, it also requires responsibility and accountabilit",transition
BiLevel_MoE,language,0,0.33418452908404106,1.2388929618962683,0.0,0.375,0.8753570699349279,0.6719437038252312,0.13333333335499997,2.6,0.13157894736842105,349.89262848931173,"The paradox of freedom is that it requires constraints to function effectively. While freedom allows individuals to make choices and pursue their goals, it also necessitates limits to ensure order and",transition
RoutingFree_MoE,language,0,1.0552845001220703,1.6697292040918617,0.0,0.875,0.7382411527901975,2.21101666663525,0.3166666666837499,1.1142857142857143,0.13157894736842105,483.0174678085159,"The paradox of freedom is that the more we seek it, the less we seem to experience it. In a world that promises limitless possibility, we often find ourselves trapped in cycles of distraction, obligat",transition
Nomadic_Full,language,1,0.4792153078597039,1.8249854200706244,0.024390243902439046,0.65,0.5244044240326353,1.2650844338050218,2.4999891046206812e-11,1.5,0.21052631578947367,427.52155189357813,"The paradox of freedom is that the condition of freedom itself often leads to a loss of freedom. To be truly free is to exist beyond the constraints of choice. In this sense, freedom becomes an irredu",transition
MoD,language,1,0.31254962314415025,1.3178520848319066,0.023809523809523836,0.4,0.41683329998206414,1.01519566565362,-0.11666666663874992,2.4375,0.13157894736842105,360.58782272339937,"The paradox of freedom is that it is both a gift and a burden. On the one hand, freedom allows individuals to make their own choices and pursue their own goals. It is a fundamental human right that is",transition
ECR,language,1,1.2575150012969971,2.877206837285689,0.0,0.575,1.140175424871103,1.5840425540558183,0.4000000000149999,1.6956521739130435,0.10526315789473684,410.1904187021106,"The paradox of freedom is that it requires responsibility and limitations, even though it is often associated with autonomy and self-determination. This can lead to a tension between the desire for fr",transition
Sigma_MoE,language,1,0.7598880428820849,2.7110520397907023,0.09999999999999998,0.525,1.4508618126370616,1.016527121225042,0.458333333346875,1.4285714285714286,0.2631578947368421,1270.3048934893152,"The paradox of freedom is that the more we possess it, the more we long for something beyond it. As we taste the fullness of freedom, we begin to crave the peace of surrender. The more we are free, th",transition
BiLevel_MoE,language,1,0.45842325715348126,1.5047560399285802,0.0,0.05,1.3081475450970017,0.23317260207386986,0.2833333333512499,19.5,0.0,257.90091004254214,"The paradox of freedom is that it often requires constraints to be meaningful. Without rules or boundaries, freedom can lead to chaos. For example, a society without laws might experience lawlessness,",transition
RoutingFree_MoE,language,1,1.1076016426086426,2.3713262638904453,0.0,0.875,0.33166247893604117,2.4307591143046268,0.09583333335593736,1.1142857142857143,0.02631578947368421,493.26676451063906,"The paradox of freedom is that the more liberated we feel, the less free we really are. Every choice we make narrows down the possibilities for future choices. This is the essential tension of freedom",transition
Nomadic_Full,language,2,0.3190225602957071,1.3514537479286144,0.02564102564102566,0.725,0.40620192019117785,1.3022242463571914,-0.037499999974062614,1.3448275862068966,0.2894736842105263,450.16221199995846,"The paradox of freedom is that it requires constraints to be meaningful. Without constraints, freedom loses its value. It becomes chaos rather than choice. Constraints define what freedom is possible.",transition
MoD,language,2,0.4229292483703838,1.6700033793286904,0.09523809523809523,0.3,0.7802243266578449,0.8146222815523511,0.050000000023749935,3.25,0.07894736842105263,328.6369716809125,The paradox of freedom is that it is both a condition and a quest. It is a condition in the sense that it is a state of being in which one is free from external constraints and able to act according t,transition
ECR,language,2,1.0157176971435546,1.9837513194711267,0.0,0.2,1.1527141882533967,0.4393204638987103,0.23333333335249995,2.75,0.07894736842105263,298.58942406381755,"The paradox of freedom is that the pursuit of absolute freedom often leads to a loss of freedom. When individuals prioritize personal desires without considering the impact on others, societal order c",transition
Sigma_MoE,language,2,0.47752944112289697,1.4529582639652385,0.02631578947368418,0.725,0.37416573864933167,1.0296530137645736,-0.13333333330499997,1.3103448275862069,0.34210526315789475,1266.5752552340875,"The paradox of freedom is that it requires constraints to function meaningfully. Without boundaries, freedom loses its value. Constraints provide context and significance to choices. They define what ",transition
BiLevel_MoE,language,2,0.36368484580889343,1.6921013557563092,0.02777777777777779,0.2,1.1527141882533967,0.4393204638987103,0.23333333335249995,4.875,0.07894736842105263,310.6054712128404,"The paradox of freedom is that the more choices we have, the more overwhelmed we feel. While freedom offers endless possibilities, it also brings the burden of decision-making. 

This leads to analysi",transition
RoutingFree_MoE,language,2,1.1030153274536132,2.3511222969800816,0.0,0.9,0.4636809246356809,2.367761184729025,0.1791666666871874,1.0833333333333333,0.05263157894736842,491.98294321282214,"The paradox of freedom is that the more choices we have, the less free we feel.

When people are given too many options, they often feel overwhelmed and anxious. This is human nature.

The key to happ",transition
Nomadic_Full,language,0,0.3695697453881621,1.2949997012155032,0.0,0.725,0.5244044240326353,1.2172025347143776,0.037500000024062397,1.3448275862068966,0.15789473684210525,435.0771442857097,"만약 내가 다시 태어난다면, 이번에는 더 용기 있는 사람이 되기를 바란다. 더 많은 실패를 두려워하지 않고, 더 자주 내 마음이 시키는 대로 따르기를 선택할 것이다.",transition
MoD,language,0,0.372048666307233,1.2985262003680016,0.2272727272727273,0.6,0.4596194077367844,0.9881327124499315,-0.08333333330625003,1.625,0.2631578947368421,385.7404334082034,만약 내가 다시 태어난다면 나는 나를 선택할 것이다. 나는 나를 사랑한다. 나는 나를 존중한다. 나는 나를 소중하게 여긴다. 나는 나를 소중하게 생각한다. 나는,transition
ECR,language,0,1.1515600204467773,3.0529045647488293,0.0,0.475,1.1510864431494707,1.1875819144781452,0.4000000000149999,1.8421052631578947,0.10526315789473684,359.42836795918396,만약 내가 다시 태어난다면 난 모든 것을 알고 있을 것이다. 이미 경험한 것들이기 때문이다. 더 이상 서두르지 않을 것이다. 예상치 못한 일이 벌어질 것이라는 걸 알고 있기 때문이다. 서두,transition
Sigma_MoE,language,0,0.5389604813924962,1.5602297389566424,0.13043478260869568,0.6,1.1135528723432937,1.6123831246034226,0.3812500000154686,1.625,0.05263157894736842,1200.3575907346742,만약 내가 다시 태어난다면 10년 후의 나를 1년 후의 나에게 설명할 수 있을까? 1년 후의 나는 10년 후의 나에게 어떤 말을 할 수 있을,transition
BiLevel_MoE,language,0,0.32618036086356594,1.357504735623548,0.0,0.225,0.7499999999625,0.37677016105643674,-0.12499999997187516,4.333333333333333,0.13157894736842105,297.24676657148234,"만약 내가 다시 태어난다면, 나는 셰프로 태어나고 싶다. 요리는 창의성과 예술성을 결합한 작업이다. 새로운 재료를 조합하고 요리법을 창조하는 과정은 마치",transition
RoutingFree_MoE,language,0,1.1209846526384353,2.0048219997919037,0.24,0.825,0.6745368779592409,2.262058570918984,0.2791666666846875,1.1818181818181819,0.0,458.1667288367331,"만약 내가 다시 태어난다면 나는 같은 선택을 할 것이다.

나는 다시 태어나도 여전히 내가 누구인지를 묻는 질문에 답을 할 것이다.

나는 다시 태어나도 여전히 내가 소중",transition
Nomadic_Full,language,1,0.5554322958712532,2.011458592343102,0.0,0.775,0.5612486079599663,1.170589150394513,0.050000000023749935,1.2258064516129032,0.3684210526315789,444.8470399796378,만약 내가 다시 태어난다면 나는 시인으로 태어나고 싶다. 시인은 언어로 세상을 바라보는 법을 알고 있기 때문이다. 시인은 보이는 것 너머의 세계를 먼저 본다. 인간의 언,transition
MoD,language,1,0.6651979897276987,2.0513747246909904,0.0,0.525,0.5884301147528587,0.8908913574034255,-0.01666666664125005,1.8571428571428572,0.18421052631578946,367.2354522244933,만약 내가 다시 태어난다면 나는 시골에서 살고 싶다. 도시에서 살면서 느낀 점은 나에게는 도시가 맞지 않는다는 것이다. 도시생활은 나에게 많은 스트레스를 주었다.,transition
ECR,language,1,1.395562767982483,2.3844633028386637,0.07692307692307687,0.675,1.1230538720081231,1.721624331705187,0.39444444445958327,1.4444444444444444,0.15789473684210525,413.82883132647123,"만약 내가 다시 태어난다면, 나는 시인에게 묻지 않을 것이다. 나는 시가 아니라 한 마디의 말에 귀를 기울일 것이다. 나는 시가 이미 모든 것을 말하고 있다고 생각한다. 시",transition
Sigma_MoE,language,1,0.5620322270318866,1.6797752370362287,0.0,0.775,0.59999999988,1.8932312739362103,0.2125000000196875,1.2580645161290323,0.15789473684210525,1204.6427707347011,"만약 내가 다시 태어난다면, 나는 셰프가 되고 싶다. 요리는 나를 행복하게 만든다. 요리를 통해 사람들과 연결되는 것이 즐겁다. 요리는 나 자신을 표현하는 방법이다",transition
BiLevel_MoE,language,1,0.3715289653536672,1.69651824701298,0.2272727272727273,0.275,0.9493418772311756,0.6523477352252708,0.1500000000212499,3.5454545454545454,0.10526315789473684,310.7062189387483,"만약 내가 다시 태어난다면 나는 시도하지 않을 것이다. 

나는 다시 태어난다면 꼼꼼하게 계획을 세우지 않을 것이다. 

나는 다시 태어난다면 더 많은 사랑을 표현",transition
RoutingFree_MoE,language,1,0.8979110717773438,1.6657154366676206,0.4,0.875,0.6184658437344175,1.7597642535704667,0.1785714285919643,1.1142857142857143,0.07894736842105263,471.0186990204401,만약 내가 다시 태어난다면 나는 같은 선택을 할 것이다. 나는 다시 같은 길을 선택할 것이다. 다시 태어나면 같은 길을 선택할 것이다. 나는 다시 같은 길을 선택할 것이다. 나는 다시 같은 길,transition
Nomadic_Full,language,2,0.417804869543761,1.2850346329350364,0.07407407407407407,0.75,0.5244044240326353,1.1861288522371962,2.5000002068509275e-11,1.2666666666666666,0.2631578947368421,440.2616934489835,"만약 내가 다시 태어난다면 나는 더 부드러운 사람이 되기를 선택할 것이다. 이미 충분히 강한 사람이 되어본 경험이 있기 때문이다. 나는 더 많은 포옹을 나누고, 더 많은 시간을 낭",transition
MoD,language,2,0.403838725204514,1.700289915340371,0.4,0.35,0.6133922072732605,0.8799042926392265,2.5000002068509275e-11,2.7857142857142856,0.02631578947368421,322.3253364897629,"만약 내가 다시 태어난다면 나는 나를 다시 선택하지 않을 것이다.

나는 다시 태어나지 않을 것이다.

나는 죽을 것이다.

나는 죽을 것이다.

나는 죽을 것이다.

나는 죽을",transition
ECR,language,2,1.528439712524414,4.040757230440534,0.0,0.75,0.6284902543574165,2.003195115865984,0.23333333335249995,1.2333333333333334,0.05263157894736842,436.8585722244907,만약 내가 다시 태어난다면 산골짜기에서 뱀과 새들과 같은 고독한 생활 방식을 가진 생물들 사이에서 더 나은 언어를 구사하는 삶을 살고 싶다. 그 언,transition
Sigma_MoE,language,2,0.5019643684790935,1.657226583469482,0.0,0.9,0.7416198485241613,2.0524579375449683,0.29000000001774984,1.0833333333333333,0.07894736842105263,1216.9198568367485,"만약 내가 다시 태어난다면, 나는 뱀파이어가 되고 싶다.
뱀파이어는 영원한 생명을 누릴 수 있다. 그들은 시간이 흘러도 늙지 않는다.
뱀파",transition
BiLevel_MoE,language,2,0.4698326170342625,1.8136049564026686,0.0,0.25,1.102837249922926,0.4902932688359366,0.2166666666862499,3.9,0.10526315789473684,297.3219676531123,"만약 내가 다시 태어난다면 나는 시도 때도 없이 웃는 사람을 만나고 싶다. 

웃음은 마음의 빗물을 닦아내는 깨끗한 수건이다. 

웃음",transition
RoutingFree_MoE,language,2,1.431573486328125,3.15029803886728,0.0,0.9,0.5590169942351932,2.1392463111347784,0.21000000001974983,1.0833333333333333,0.13157894736842105,478.8677437347211,"만약 내가 다시 태어난다면
같은 선택을 할 것 같다.
그때의 선택이 옳았음이 증명되었으니까.
그 모든 모험과 시련이 결국 나를 지금의 나로 만들",transition
Nomadic_Full,language,0,0.6676611276345099,1.9367335285907161,0.0,0.475,0.6670832031396083,1.16196566129617,0.11250000002218741,1.894736842105263,0.15789473684210525,367.6309769999738,"In the silence between words, there is a quiet longing. A language that only the body understands. A way of touching that speaks louder than speech. It is in these unspoken moments that we begin to re",transition
MoD,language,0,0.4304993437751364,1.4798386119502605,0.09523809523809523,0.225,1.0960155107569474,0.5266811645899827,0.1833333333537499,4.333333333333333,0.07894736842105263,290.0034595102402,"In the silence between words, there is a world waiting to be explored. It is a space of infinite possibilities, where the mind can wander and the heart can soar. It is a place where time stands still,",transition
ECR,language,0,1.2757542610168457,2.4523489896914654,0.04761904761904767,0.6,0.9513148793793251,1.3967431770341143,0.30000000001749993,1.5833333333333333,0.2631578947368421,408.00814336732714,"In the silence between words, there is a profound language of healing. It is a language that speaks to the depths of our being, addressing the wounds of the soul. In the quiet moments of reflection, w",transition
Sigma_MoE,language,0,0.49086060729459857,2.037400739627395,0.02564102564102566,0.725,0.4183300132147465,1.5108151196219501,0.020000000024499753,1.3448275862068966,0.07894736842105263,1206.9096120816243,"In the silence between words, there is a language of its own. The body speaks when the voice falters. The eyes convey what the lips cannot. Nonverbal communication is a powerful force, capable of reve",transition
BiLevel_MoE,language,0,0.3796872701495886,1.382663123430022,0.04761904761904767,0.225,0.6499999999675,0.46372643961941024,-0.1749999999706251,4.333333333333333,0.05263157894736842,303.8187207142871,"In the silence between words, there is a world of understanding. Listening is more than hearing; it is the art of truly grasping the essence of what is being said. In a world filled with noise, the ab",transition
RoutingFree_MoE,language,0,1.1547004938125611,2.2517029619487507,0.030303030303030276,0.875,0.44721359538815453,2.1920187521445618,0.1500000000212499,1.1142857142857143,0.05263157894736842,467.57779740816045,"In the silence between words, there is power. It's in the pauses that thoughts simmer, clarity emerges, and connection deepens. Embrace the space within. It's where true communication begins.

In the ",transition
Nomadic_Full,language,1,0.5079660715535284,1.6544144692010019,0.0,0.525,0.7348469227614688,1.122372128666931,0.12500000002187495,1.7619047619047619,0.18421052631578946,383.4354078571778,"In the silence between words, there is a space for listening. It is in this quiet that we first begin to hear ourselves. Every unsaid thing leaves a trace in the air. Some things are meant to remain u",transition
MoD,language,1,0.3946300886847894,1.3772894186492795,0.0,0.325,0.7802243266578449,0.8146222815523511,0.050000000023749935,3.0,0.07894736842105263,321.1434114897684,"In the silence between words, there is a world waiting to be explored. It is in the spaces where ideas take shape, where creativity flourishes, and where innovation thrives. Embracing the power of sil",transition
ECR,language,1,0.9257774353027344,2.1692377424046607,0.05128205128205132,0.7,0.6184658437344175,1.7397900976040586,0.19285714287732136,1.3928571428571428,0.13157894736842105,424.13601216321695,"In the silence between words, there is power. Silence is not the absence of sound; it is the space where meaning resides. It is the place where we can hear ourselves think, feel, and contemplate. In t",transition
Sigma_MoE,language,1,0.37367699354836076,1.5660694980488954,0.02564102564102566,0.45,1.3941843491855956,0.8345601379551142,0.4300000000142499,2.111111111111111,0.18421052631578946,1212.4195007142719,"In the silence between words, there is a language we all understand. It speaks of longing, of belonging, of a home we yearn for. This language is older than speech, older than thought. It resides in t",transition
BiLevel_MoE,language,1,0.4185162787799527,1.5925028371155712,0.0,0.3,0.9974968670881877,0.6128694521619495,0.16666666668749996,3.25,0.10526315789473684,323.52708683672006,"In the silence between words, there is a space for the soul to breathe. It is in this stillness that we often find our truest thoughts. 

Embracing silence becomes a powerful tool for introspection an",transition
RoutingFree_MoE,language,1,1.163138198852539,1.7796822051817611,0.0,0.925,0.499999999875,2.169317418408432,0.18000000002049987,1.054054054054054,0.10526315789473684,491.56553818361965,"In the silence between words, there is a language that speaks volumes. It is the language of longing, of unspoken desires and unexpressed emotions. This language is felt rather than heard, a subtle sy",transition
Nomadic_Full,language,2,0.5096819262485951,2.316176716903194,0.0,0.525,0.5350233639356906,0.957785159250915,-0.04999999997375015,1.7142857142857142,0.23684210526315788,379.4166670000146,"In the silence between words, there is a shared understanding. A language only known to those who listen with their hearts. In this space, every feeling finds its name. It is here that true communicat",transition
MoD,language,2,0.3937993213097798,1.3064188586077523,0.0,0.3,0.499999999975,0.5623351444188083,-0.2499999999687501,3.25,0.13157894736842105,308.3781144693547,"In the silence between words, there is a space for listening. It is in this space that we find the true essence of communication. Listening is not merely hearing the words spoken; it is the art of tru",transition
ECR,language,2,1.1614212036132812,2.1979233218859275,0.05128205128205132,0.575,1.32664991587683,1.46435946679256,0.4437500000139062,1.6956521739130435,0.07894736842105263,391.4624327755556,"In the silence between words, there is a story older than language. It lingers in the way we hold our breath, in the way our eyes meet too briefly. In that space, we find the unspoken language we've a",transition
Sigma_MoE,language,2,0.5485543588176369,2.047269959509027,0.16666666666666663,0.225,1.688194301402389,0.5432925407827021,0.4900000000127499,4.0,0.07894736842105263,1211.4367699592103,"In the silence between words, there is a space where understanding begins. It is a space where listening becomes more important than speaking. In this space, we find the honesty and truth of what is b",transition
BiLevel_MoE,language,2,0.40755705040646717,1.353977020336539,0.050000000000000044,0.375,0.59999999997,0.5004024233381879,-0.19999999997000018,2.6,0.21052631578947367,344.3853033061213,"In the silence between words, there is a profound story waiting to be told. It is in these moments of quiet reflection that the true essence of communication emerges. Silence speaks volumes, revealing",transition
RoutingFree_MoE,language,2,1.1402591705322265,2.290480824096591,0.0,0.925,0.5408326911708695,2.241087774008903,0.20909090911068173,1.054054054054054,0.07894736842105263,493.03200202046685,"In the silence between words, there is a language of longing.  It speaks of what we yearn to say but cannot.  It resonates in the spaces where our hearts dwell, yearning for connection beyond the conf",transition
Nomadic_Full,language,0,0.5933505864793404,1.9513309297722705,0.0,0.55,0.883883476372699,1.199406542007347,0.27000000001824986,1.6818181818181819,0.15789473684210525,362.66308711541427,"존재한다는 것의 의미를 묻는다면, 우리는 결국 삶과 연결된 질문에 부딪히게 된다. 존재는 더 이상 확정된 하나의 답을 요구하지 않는다. 오히려 불확실함 속에서 의미를 찾아가는",transition
MoD,language,0,0.5283250719265198,2.0741847901757793,0.08333333333333337,0.575,0.35881750233327175,1.0372165871167396,-0.14999999997125002,1.6521739130434783,0.21052631578947367,362.5666700768656,존재한다는 것의 의미를 묻는다면 나는 무언가를 소유하고 있다는 것이다. 소유하는 것은 무언가를 가진다는 것이다. 가진다는 것은 그것을 소유하고 있다는 것이다. 소유한다는 것은 그것이 내 것이,transition
ECR,language,0,1.4994178771972657,3.0651604315260643,0.0,0.475,1.219631091612593,0.9850258568643452,0.38000000001549994,2.0526315789473686,0.13157894736842105,339.2267013845972,"존재한다는 것의 의미를 묻는다면, 결국에는 '어떤 흔적을 남기는 것'이라고 말할 수 있다. 나에게도 많은 흔적이 남아있다. 이러한 흔적들은 나를 기억하게 하는 중요한 요소이다",transition
Sigma_MoE,language,0,0.4601273307578063,1.6806608728866357,0.0,0.575,1.0234744743694146,1.323647962549405,0.35000000001625,1.608695652173913,0.05263157894736842,1127.1664165191955,존재한다는 것의 의미를 묻는다면 우리는 결국 자기 자신을 향해 질문하게 된다. 나는 누구인가? 나는 어떤 세계에 속해 있는가? 나는 왜 여기에 존재하는가? 이러한 질문들은 꼬리에 꼬리를 물,transition
BiLevel_MoE,language,0,0.4459490821349391,1.622342902805756,0.0,0.175,0.79999999996,0.32508297319144824,-0.09999999997250009,5.571428571428571,0.07894736842105263,265.1109635577226,"존재한다는 것의 의미를 묻는다면, 그것은 삶의 목적과 연결된다고 말할 것이다. 존재한다는 것은 단순히 살아있음을 의미하는 것이 아니라, 삶의 의미와 목적을 추구하는 과정이다. 존재는",transition
RoutingFree_MoE,language,0,0.9792397201061249,1.8559302411651604,0.0,0.85,0.6864765106985179,2.164403282415385,0.2863636363814772,1.1470588235294117,0.10526315789473684,439.02300967308224,"존재한다는 것의 의미를 묻는다면, 우리는 흔히 ‘삶’과 ‘죽음’이라는 두 지점을 떠올리기 마련이다. 삶과 죽음은 인간에게 가장 명백한 경계이다. 삶과 죽",transition
Nomadic_Full,language,1,0.556571274928865,1.7345878930271645,0.0,0.725,0.8660254036761854,1.2208252992526176,0.27000000001824986,1.2758620689655173,0.34210526315789475,403.03634228845254,"존재한다는 것의 의미를 묻는다면, 우리는 결국 '자기만의 방식'으로 세상을 살아가는 법을 배우는 과정임을 깨닫게 된다. 인간은 본능적으로 연결을 갈구하는 존재다. 우리는 혼자",transition
MoD,language,1,0.45401516138012993,1.555059932553188,0.17647058823529416,0.375,0.6432340164651877,0.8660426927800613,0.016666666691249943,2.533333333333333,0.13157894736842105,313.626964442287,"존재한다는 것의 의미를 묻는다면,
그것은 곧 ‘존재한다’는 것이다.
존재한다는 것은 삶의 본질이다.
존재한다는 것은 삶의 이유이다.
존재한다는 것은",transition
ECR,language,1,1.3349027931690216,2.410107803564149,0.04347826086956519,0.775,1.0776131029240328,1.4347960132562785,0.39285714287232143,1.2580645161290323,0.3684210526315789,411.3680944614876,존재한다는 것의 의미를 묻는다면 많은 언어가 인간의 본질을 찾으려 한다. 자연은 인간에게 많은 질문을 던진다. 그 질문에 답하기 위해 인간은 언어를 사용한다. 인간은 언어를,transition
Sigma_MoE,language,1,0.47270902434793244,1.6655016514106502,0.0,0.675,0.6999999998599999,1.8304271441752504,0.25625000001859377,1.4444444444444444,0.07894736842105263,1132.9113171346203,"존재한다는 것의 의미를 묻는다면, 우리는 결국 자신을 돌아보게 된다. 더 나아가 우리를 둘러싼 세계의 의미를 묻게 된다. 우리는 왜 존재하는가? 우리는 무엇을 위해 존재하는가? 이러한",transition
BiLevel_MoE,language,1,0.4938232104294002,1.489895331110583,0.0,0.125,0.8499999999575,0.2663844630679204,-0.07499999997312523,7.8,0.05263157894736842,248.63069782692875,"존재한다는 것의 의미를 묻는다면, 그것은 삶의 본질과 연결된다. 존재는 단순한 물리적 실체를 넘어서, 의미와 목적을 가진 상태를 의미한다. 존재한다는 것은 삶의 가치를 인식",transition
RoutingFree_MoE,language,1,1.1691307067871093,2.1961472781173974,0.0,0.825,0.3872983345239171,2.227123737805887,0.11000000002224986,1.1818181818181819,0.02631578947368421,430.08130353840755,"존재한다는 것의 의미를 묻는다면, 우리는 그저 존재하는 것만으로는 충분하지 않다는 것을 깨닫게 된다. 매일 반복되는 일상 속에서 우리는 여전히 무언가를 찾고 있다. 존재의 의미를",transition
Nomadic_Full,language,2,0.6381983650266193,2.11151822731258,0.03703703703703709,0.6,0.4949747467934602,0.9745701891462542,-0.0666666666400002,1.5,0.18421052631578946,372.6777167308123,"존재한다는 것의 의미를 묻는다면, 그것은 더 이상 질문이 되지 않는다. 이미 뻔한 답을 찾은 것과 같다. 존재한다는 사실 자체가 더 이상 설명이 필요 없는 당연함이 된다. 인간은 오래",transition
MoD,language,2,0.7030150948122043,2.1044417218277123,0.09523809523809523,0.525,0.49117206757287457,0.9656553695895361,-0.0666666666400002,1.7619047619047619,0.21052631578947367,346.4177819807726,"존재한다는 것의 의미를 묻는다면, 나는 대답한다. ‘나는 존재한다.’라고.

존재한다는 것은, 내가 나의 의지로 살아가는 것을 의미한다. 나의 의지로 살아간다는 것은, 나의 의지로",transition
ECR,language,2,1.3975658416748047,3.023325831054908,0.0,0.8,0.5208166662828078,2.0551674021081316,0.17777777779833326,1.21875,0.05263157894736842,417.56243757691453,"존재한다는 것의 의미를 묻는다면, 우리는 각자 다른 답을 내놓을 것이다. 그렇기에 누구나가 “나는 존재한다”고 말하는 것은 같은 의미가 아닐 것이다. 존재한다는 것은 서로 다른 의미를",transition
Sigma_MoE,language,2,0.39328291164711116,1.3358547880596812,0.11538461538461542,0.55,1.0908712112999406,1.240351494883836,0.38333333334874997,1.6818181818181819,0.13157894736842105,1128.3030926730275,"존재한다는 것의 의미를 묻는다면 우리는 결국 자기 자신에게 돌아오게 된다. 우리는 더 이상 먼 곳을 찾지 않는다. 이미 가까운 곳에 답이 있다. 

우리는 결국 자기 자신에게 돌아온다",transition
BiLevel_MoE,language,2,0.46301357562632006,1.474482401703505,0.0,0.225,0.7499999999625,0.37677016105643674,-0.12499999997187516,4.333333333333333,0.10526315789473684,279.1899427307866,"존재한다는 것의 의미를 묻는다면, 그것은 우리의 삶과 연결되어 있다. 존재는 단순히 살아가는 것 이상의 의미를 가진다. 그것은 우리가 세상과 상호작용하며 영향을 미치는 방식을 포함한다.",transition
RoutingFree_MoE,language,2,0.9967053890228271,1.5942856119345232,0.38095238095238093,0.825,0.5244044239539747,2.1636781815969566,0.19000000002024986,1.1818181818181819,0.0,427.0490887884779,"존재한다는 것의 의미를 묻는다면, 우리는 ‘사랑’이라는 단어에 돌아온다. 사랑은 우리를 존재하게 한다. 사랑은 우리를 존재하게 한다. 사랑은 우리를 존재하게 한다. 사랑은 우리",transition
